Date,Open,High,Low,Close,Volume,Adj Close
2003-04-08,5.3,5.33333,3.66667,4.34667,78300,0.74234
2003-04-09,12.99999,14.06001,12.99999,13.74,70300,2.34655
2003-04-10,15.50001,15.50001,12.72,13.59999,5500,2.32264
2003-04-11,12.39999,13.14,12.20001,13.14,5400,2.24408
2003-04-15,12.42,12.56001,12.42,12.56001,13500,2.14503
2003-04-17,12.20001,12.20001,11.00001,11.00001,18000,1.87861
2003-04-21,11.61999,12.39999,10.59999,12.38001,26400,2.11429
2003-04-22,12.0,12.99999,12.0,12.6,14200,2.15186
2003-04-23,12.56001,13.47999,12.42,13.11999,66700,2.24066
2003-04-24,12.99999,14.16,12.84,14.16,93000,2.41828
2003-04-25,14.22,14.58,13.95999,14.00001,30300,2.39096
2003-04-28,14.00001,14.55999,14.00001,14.55999,30700,2.48659
2003-04-29,16.40001,16.40001,15.0,15.96,146300,2.72569
2003-04-30,16.59999,16.98,16.2,16.40001,80600,2.80083
2003-05-02,15.99999,17.00001,15.99999,16.94001,87400,2.89306
2003-05-05,17.30001,18.0,17.00001,17.16,82300,2.93063
2003-05-06,16.40001,17.00001,16.2,16.47999,31400,2.81449
2003-05-07,16.41999,16.41999,15.62001,15.63999,36800,2.67104
2003-05-08,16.2,16.2,15.54,15.98001,31000,2.72911
2003-05-09,15.15999,15.99999,15.15999,15.81999,47200,2.70178
2003-05-12,16.95999,16.95999,15.99999,15.99999,9000,2.73252
2003-05-13,16.38,16.8,16.10001,16.2,35700,2.76668
2003-05-14,16.5,16.70001,16.5,16.5,27100,2.81791
2003-05-15,16.5,16.59999,16.40001,16.59999,32200,2.83499
2003-05-16,16.59999,16.59999,15.99999,16.29999,23100,2.78375
2003-05-19,16.11999,16.11999,15.57999,15.57999,22100,2.66079
2003-05-20,15.98001,15.98001,15.20001,15.9,27000,2.71544
2003-05-21,15.6,15.80001,15.42,15.6,13500,2.66421
2003-05-22,16.2,16.59999,16.10001,16.2,67400,2.76668
2003-05-23,16.10001,16.29999,15.50001,15.54,40500,2.65396
2003-05-26,15.56001,15.80001,15.56001,15.62001,24000,2.66762
2003-05-27,15.87999,15.87999,15.39999,15.39999,6000,2.63005
2003-05-28,15.26001,15.26001,13.41999,13.53999,19500,2.31239
2003-05-29,14.1,14.79999,14.00001,14.60001,29200,2.49343
2003-05-30,15.0,15.50001,14.00001,14.00001,39700,2.39096
2003-06-02,14.42001,15.0,14.42001,14.96001,33000,2.55491
2003-06-03,14.60001,15.09999,14.60001,15.09999,24000,2.57881
2003-06-04,15.39999,15.50001,15.15999,15.20001,19800,2.5959
2003-06-05,14.79999,15.03999,14.79999,15.03999,15700,2.56857
2003-06-06,15.03999,15.03999,15.0,15.0,11200,2.56174
2003-06-09,15.99999,18.0,15.99999,18.0,117500,3.07408
2003-06-10,20.79999,21.6,19.59999,20.78001,323100,3.54886
2003-06-11,21.50001,24.93999,20.00001,24.9,355500,4.25248
2003-06-12,28.89999,28.89999,24.92001,26.13999,484200,4.46425
2003-06-13,26.34,28.74,25.5,28.74,565400,4.90829
2003-06-16,29.67999,31.4001,28.41999,29.58,580300,5.05175
2003-06-17,29.79999,30.9999,26.61999,26.72001,377600,4.56331
2003-06-18,27.96,29.37999,25.2,28.62,341400,4.88779
2003-06-19,28.88001,28.88001,26.60001,26.67999,205800,4.55647
2003-06-20,26.79999,27.20001,25.82001,26.00001,31500,4.44035
2003-06-23,27.0,28.29999,24.99999,25.14,178400,4.29347
2003-06-24,25.76001,26.78001,24.45999,26.12001,64600,4.46084
2003-06-25,25.83999,26.00001,25.40001,25.41999,52500,4.34129
2003-06-26,25.8,27.38001,25.8,26.67999,66900,4.55647
2003-06-27,27.39999,27.80001,26.19999,26.42001,98200,4.51207
2003-06-30,26.90001,27.0,25.02,26.34,117700,4.49841
2003-07-01,26.97999,26.97999,26.01999,26.01999,15000,4.44376
2003-07-02,26.00001,26.19999,24.50001,24.81999,91500,4.23882
2003-07-03,24.99999,24.99999,23.60001,23.61999,32600,4.03388
2003-07-04,22.86,24.39999,22.82001,23.30001,136500,3.97923
2003-07-07,24.0,25.64001,24.0,25.64001,359800,4.37886
2003-07-08,27.75999,28.2,26.60001,26.7,629900,4.55989
2003-07-09,27.20001,27.99999,25.40001,26.07999,247600,4.454
2003-07-10,26.00001,27.39999,25.64001,25.88001,107500,4.41985
2003-07-11,25.59999,26.4,25.41999,25.59999,79000,4.37203
2003-07-14,26.46,26.46,24.9,24.9,107700,4.25248
2003-07-15,24.39999,25.29999,23.61999,23.78001,81200,4.06121
2003-07-16,25.52001,26.13999,23.01999,25.05999,89300,4.27981
2003-07-17,24.36,25.8,24.0,24.03999,34400,5.76073
2003-07-18,24.39999,24.39999,23.91999,23.94,143700,5.73677
2003-07-21,23.1,23.79999,23.00001,23.13999,28800,5.54506
2003-07-22,22.8,23.19999,22.59999,22.82001,49300,5.46838
2003-07-23,23.49999,23.49999,23.01999,23.31999,46800,5.58819
2003-07-24,23.97999,25.64001,23.97999,25.64001,193800,6.14414
2003-07-25,26.00001,28.2,26.00001,28.2,861200,6.75759
2003-07-28,29.00001,30.9,28.2,28.68,733500,6.87262
2003-07-29,29.54001,29.54001,27.26001,27.26001,287200,6.53234
2003-07-30,26.24001,27.0,25.89999,25.92,229800,6.21124
2003-07-31,26.66001,27.21999,26.66001,27.21999,80400,6.52275
2003-08-01,27.96,27.96,26.49999,27.06,29700,6.48442
2003-08-04,27.0,28.41999,26.19999,28.41999,292700,6.81031
2003-08-05,28.8,29.84001,27.26001,27.32001,616300,6.54672
2003-08-06,26.19999,27.98001,26.19999,26.55999,189400,6.3646
2003-08-07,26.7,27.0,26.4,26.66001,43300,6.38856
2003-08-08,26.85999,27.99999,26.85999,27.03999,100200,6.47962
2003-08-11,26.96001,27.0,26.46,26.61999,29200,6.37897
2003-08-12,26.1,26.60001,25.29999,25.34001,105000,6.07225
2003-08-13,25.40001,26.60001,25.40001,26.60001,52900,6.37419
2003-08-14,26.60001,27.39999,26.00001,26.31999,70200,6.30709
2003-08-18,26.42001,26.60001,25.40001,25.64001,64900,6.14414
2003-08-19,25.8,26.24001,25.40001,25.44,58900,6.09621
2003-08-20,25.26,25.8,25.10001,25.8,57400,6.18248
2003-08-21,26.00001,26.4,25.53999,25.98,46400,6.22561
2003-08-22,25.59999,26.60001,25.02,25.76001,76500,6.1729
2003-08-25,25.94001,26.00001,24.48,25.34001,155600,6.07225
2003-08-26,25.26,25.8,25.2,25.2,51000,6.0387
2003-08-27,25.59999,26.46,25.32,26.46,90600,6.34064
2003-08-28,26.46,27.78,26.00001,27.69999,146400,6.63778
2003-08-29,28.38,28.40001,26.4,26.67999,96500,6.39335
2003-09-01,27.0,27.6,26.4,26.55999,72300,6.3646
2003-09-02,27.87999,27.87999,26.4,26.42001,24700,6.33105
2003-09-03,27.39999,27.39999,25.10001,25.41999,340300,6.09142
2003-09-04,25.8,26.43999,25.5,26.1,82000,6.25437
2003-09-05,27.39999,27.39999,26.4,26.4,90300,6.32626
2003-09-08,27.3,27.72,26.4,27.72,236900,6.64257
2003-09-09,29.1,29.1,27.66,27.87999,330700,6.68091
2003-09-10,27.9,29.19999,26.82,28.2,220300,6.75759
2003-09-11,28.8,29.07999,28.40001,28.8,111800,6.90137
2003-09-12,28.59999,30.24,28.59999,29.90001,339800,7.16497
2003-09-15,29.19999,29.22,28.41999,28.41999,122800,6.81031
2003-09-16,28.8,28.8,27.02001,27.99999,77600,6.70967
2003-09-17,28.40001,28.40001,27.20001,27.3,31500,6.54193
2003-09-18,27.03999,27.75999,26.60001,26.82,134000,6.4269
2003-09-19,27.66,27.66,27.06,27.36,74600,6.5563
2003-09-22,27.18,28.40001,27.18,27.98001,28100,6.70488
2003-09-23,27.56001,28.04001,27.02001,27.68001,56200,6.63299
2003-09-24,27.96,28.22001,27.6,27.87999,7600,6.68091
2003-09-25,27.98001,28.2,27.72,27.99999,102300,6.70967
2003-09-26,27.87999,28.40001,27.75999,28.02,84600,6.71446
2003-09-29,27.86001,28.59999,27.86001,28.35999,73900,6.79593
2003-09-30,28.59999,29.00001,28.2,28.98,48900,6.94451
2003-10-01,28.46001,30.18,28.46001,29.43999,154600,7.05473
2003-10-03,30.0,30.78,29.79999,30.54,163200,7.31833
2003-10-06,31.2,32.0001,30.6,31.74,174300,7.60589
2003-10-07,32.4,33.3201,30.9999,32.76,448200,7.85031
2003-10-08,32.52,32.9001,31.1199,32.3199,268800,7.74485
2003-10-09,32.9001,32.9001,31.02,32.5599,159100,7.80236
2003-10-10,33.6999,33.6999,31.2201,32.3001,126200,7.74011
2003-10-13,32.4,33.06,32.0001,32.4,111300,7.76404
2003-10-14,32.7801,32.9001,30.8001,30.9999,141000,7.42854
2003-10-15,30.9,32.0001,30.9,31.9401,75000,7.65384
2003-10-16,31.8999,33.5199,31.8999,33.0,274200,7.90782
2003-10-17,33.5001,34.6401,33.5001,34.6401,198100,8.30084
2003-10-20,33.9999,36.36,33.9999,36.36,305800,8.71298
2003-10-21,36.6,38.1801,34.6599,35.58,416600,8.52607
2003-10-22,36.0,36.6999,34.62,34.9599,112900,8.37748
2003-10-23,35.0199,36.5601,35.0001,35.1801,50100,8.43024
2003-10-24,35.4,36.9399,35.0001,36.9399,82300,8.85195
2003-10-27,36.3999,39.6999,36.3999,39.6999,358900,9.51333
2003-10-28,40.8,41.6799,40.4199,41.6799,184300,9.9878
2003-10-29,42.3,43.7601,42.3,43.7601,80600,10.48628
2003-10-30,45.8799,45.9399,45.8001,45.9399,21200,11.00862
2003-10-31,48.2199,48.2199,46.1199,48.2199,203000,11.55498
2003-11-03,50.6199,50.64,46.02,46.56,348500,11.15722
2003-11-04,45.9999,46.8,44.2401,44.2401,157000,10.6013
2003-11-05,43.5999,46.4601,43.02,46.4601,56200,11.13328
2003-11-06,48.78,48.78,48.78,48.78,35200,11.6892
2003-11-07,51.2001,51.2001,48.0,51.0801,275800,12.24037
2003-11-10,52.02,52.02,48.6,49.14,186200,11.77547
2003-11-11,49.4001,49.4001,46.7001,46.7001,116500,11.19079
2003-11-12,47.0001,49.02,47.0001,48.0801,146400,11.52148
2003-11-13,48.9999,50.4801,47.1999,47.7999,284900,11.45434
2003-11-14,48.48,48.48,46.4001,46.7601,25600,11.20517
2003-11-17,47.0001,47.6001,46.4001,46.5801,25400,11.16204
2003-11-18,47.4,47.4,45.0999,45.0999,68100,10.80733
2003-11-19,45.1401,45.1599,43.5201,43.5999,36800,10.44789
2003-11-20,45.0,45.7599,44.0001,45.7599,26000,10.96549
2003-11-21,46.92,47.6001,44.0001,45.3201,67700,10.8601
2003-11-24,46.4001,46.5999,43.5999,45.7599,56800,10.96549
2003-11-25,45.0,46.8,45.0,46.7001,103400,11.19079
2003-11-27,47.7999,49.02,46.0401,47.9001,171600,11.47835
2003-11-28,46.4001,50.3001,46.4001,50.3001,117000,12.05346
2003-12-01,50.0001,52.8,50.0001,52.7799,249200,12.6477
2003-12-02,53.1801,53.1801,51.06,52.3599,114800,12.54706
2003-12-03,52.5999,53.6001,52.2201,52.6401,205300,12.6142
2003-12-04,54.0,54.0,51.0,51.2199,182700,12.27388
2003-12-05,51.6,53.7801,51.6,53.7801,52600,12.88738
2003-12-08,53.6199,56.46,53.6001,56.34,347500,13.50081
2003-12-09,57.0,58.4799,56.7999,57.06,117100,13.67335
2003-12-10,59.6001,59.6799,57.0,57.0399,182800,13.66853
2003-12-11,57.2001,57.8001,57.0,57.2601,105600,13.7213
2003-12-12,58.3599,58.4001,57.0,57.5601,60900,13.79318
2003-12-15,59.16,59.16,57.2001,58.1799,87200,13.94171
2003-12-16,57.6,61.08,57.3999,60.0801,126600,14.39705
2003-12-17,60.9999,63.0801,60.9999,63.0801,114600,15.11595
2003-12-18,64.7799,66.2199,63.9999,66.2199,127200,15.86834
2003-12-19,69.3999,69.54,66.9999,69.5199,472600,16.65912
2003-12-22,70.8,72.9999,70.5999,71.58,216800,17.15279
2003-12-23,72.3999,74.0001,69.0,69.0201,129400,16.53936
2003-12-24,68.4,70.8,67.1001,68.5401,79500,16.42433
2003-12-26,68.0001,68.0001,65.1201,65.1201,117700,15.60479
2003-12-29,62.0199,64.7001,61.86,61.92,112600,14.83795
2003-12-30,62.4,63.6,58.8201,58.8201,203700,14.09512
2003-12-31,57.6,61.7601,57.6,61.7601,129100,14.79963
2004-01-01,64.8,64.8399,64.7001,64.8399,33000,15.53765
2004-01-02,68.0799,68.0799,66.4599,67.8999,177800,16.27092
2004-01-05,70.9599,70.9599,66.5001,69.06,180200,16.54892
2004-01-06,69.8001,72.0,68.2599,70.5999,157500,16.91792
2004-01-07,71.0001,71.0001,67.08,67.1001,123900,16.07926
2004-01-08,70.2,70.2,66.24,68.0199,37400,16.29968
2004-01-09,71.4201,71.4201,69.2001,71.4201,187800,17.11447
2004-01-12,73.5801,73.5801,68.6199,69.06,50600,16.54892
2004-01-13,69.0,72.5199,69.0,72.5199,208100,17.37802
2004-01-14,72.5199,76.14,72.5199,76.14,97700,18.2455
2004-01-15,78.9801,79.9401,78.9801,79.9401,92900,19.15613
2004-01-16,83.7399,83.9199,75.9999,80.1999,92500,19.21838
2004-01-19,76.6599,80.0001,76.5999,77.94,61100,18.67684
2004-01-20,78.9999,80.22,74.1,74.1999,91500,17.7806
2004-01-21,73.02,73.02,70.5,70.5,67800,16.89399
2004-01-22,68.1999,69.6,66.9801,66.9801,87400,16.05051
2004-01-23,63.8001,69.8001,63.6999,66.9999,115200,16.05525
2004-01-27,66.8001,66.9999,63.66,63.66,113000,15.25491
2004-01-28,61.4601,63.3999,60.5199,61.4601,111800,14.72775
2004-01-29,60.6,60.6,59.0001,59.6199,46300,14.28678
2004-01-30,57.8199,62.6001,57.2001,62.6001,82600,15.00092
2004-02-03,60.0,61.5,59.4801,59.4801,60500,14.25328
2004-02-04,57.0801,59.94,56.4999,59.1999,64900,14.18613
2004-02-05,60.0,60.6,58.26,59.16,29500,14.17657
2004-02-06,57.9999,58.5999,57.0,58.5999,6400,14.04235
2004-02-09,57.9999,59.4,57.24,59.0001,39400,14.13825
2004-02-10,57.2799,60.0,57.2799,59.6001,17700,14.28203
2004-02-11,59.9799,60.8001,57.2601,57.48,140300,13.77399
2004-02-12,57.6,57.9999,57.0999,57.8001,29000,13.8507
2004-02-13,57.2001,60.6999,57.2001,58.5999,49100,14.04235
2004-02-16,58.68,60.0,58.68,60.0,4500,14.37786
2004-02-17,58.1001,60.8001,58.1001,60.1599,48100,14.41618
2004-02-18,60.2001,60.2001,59.6601,60.2001,8200,14.42581
2004-02-19,57.9999,59.28,57.9999,58.02,12200,13.90339
2004-02-20,57.2001,60.8001,57.0,60.42,41900,14.4785
2004-02-23,60.4599,63.3,59.0001,59.1999,90700,14.18613
2004-02-24,59.0001,61.8,59.0001,61.2,99400,14.66542
2004-02-25,60.3999,60.9999,60.0,60.0,106100,14.37786
2004-02-26,60.0201,60.9801,60.0,60.0,18500,14.37786
2004-02-27,60.0399,60.0399,59.0001,59.0001,95000,14.13825
2004-03-01,59.0199,60.2001,59.0001,59.1,22300,14.16219
2004-03-03,60.0,60.0,59.0001,59.3199,55400,14.21489
2004-03-04,59.3001,61.5,59.0001,60.0,30700,14.37786
2004-03-05,59.04,60.0,59.04,59.1399,16800,14.17175
2004-03-08,61.4001,61.5999,59.0199,59.1999,24800,14.18613
2004-03-09,59.0001,59.6001,57.2601,57.8001,128800,13.8507
2004-03-10,57.9999,57.9999,57.2001,57.2001,15300,13.70692
2004-03-11,57.6,60.0,57.2001,58.8399,60500,14.09986
2004-03-12,57.4401,57.4401,55.8999,55.98,72200,13.41454
2004-03-15,57.9999,57.9999,53.22,53.2599,53200,12.76272
2004-03-16,51.9999,54.9999,51.9999,53.0001,20600,12.70047
2004-03-17,53.0001,54.0,53.0001,53.0199,6400,12.70521
2004-03-18,54.8001,54.8001,51.6,51.6,37200,12.36496
2004-03-19,51.3999,51.9801,51.0,51.2001,28800,12.26913
2004-03-22,51.0,51.6,48.8001,50.8401,37500,12.18286
2004-03-23,49.2999,53.1999,49.2999,52.4001,46900,12.55669
2004-03-24,50.0001,51.9999,50.0001,51.1401,10500,12.25475
2004-03-25,50.46,53.6799,50.46,52.0599,74300,12.47517
2004-03-26,52.8999,54.6,51.42,54.5601,98000,13.07429
2004-03-29,54.0,57.2001,54.0,55.4199,10300,13.28033
2004-03-30,57.8799,58.2,56.1999,58.2,6700,13.94652
2004-03-31,58.0401,61.1001,58.0401,61.1001,13600,14.64148
2004-04-01,63.9999,64.14,62.4,64.14,28100,15.36993
2004-04-02,66.8199,66.8199,63.0999,63.9999,41800,15.33636
2004-04-05,65.0001,65.0001,63.06,63.2601,9300,15.15908
2004-04-06,62.1999,66.3999,60.9999,65.4399,37500,15.68143
2004-04-07,66.5001,67.7001,66.0,66.2001,15000,15.8636
2004-04-08,66.0,69.5199,65.1,67.7199,115800,16.22779
2004-04-12,68.0001,68.0001,65.2599,65.2599,19200,15.63829
2004-04-13,64.2,65.0001,62.0001,62.0601,99300,14.87152
2004-04-15,65.0001,65.16,65.0001,65.16,2451200,15.61436
2004-04-16,68.4201,68.4201,68.4201,68.4201,21500,16.39558
2004-04-19,71.6001,72.7599,67.2,68.04,37100,16.30449
2004-04-20,66.2001,68.0001,66.0,66.9999,12300,16.05525
2004-04-21,67.9599,67.9599,65.7999,66.4599,5700,15.92585
2004-04-22,66.0201,69.78,66.0201,69.6,53700,16.67832
2004-04-23,68.1999,68.4,66.2001,67.32,36300,16.13196
2004-04-27,68.9001,68.9001,63.96,63.96,40000,15.3268
2004-04-28,65.9601,65.9601,60.78,62.1,28700,14.88109
2004-04-29,62.1999,64.98,62.1999,64.7601,11900,15.51853
2004-04-30,67.7001,67.7001,63.3999,63.9999,4300,15.33636
2004-05-03,66.2001,67.2,62.0001,64.2801,61900,15.4035
2004-05-04,66.0,66.0,64.2801,65.6199,16500,15.72456
2004-05-05,64.02,65.5599,63.0,65.22,13100,15.62873
2004-05-06,65.1,65.9001,63.9999,65.6601,39300,15.7342
2004-05-07,65.7999,66.8001,65.6001,65.7999,8400,15.7677
2004-05-10,63.9999,65.0001,63.6399,64.4199,28500,15.43701
2004-05-11,62.1999,63.9999,62.0001,62.0001,19200,14.85715
2004-05-12,62.0601,62.0601,62.0001,62.0001,15100,14.85715
2004-05-13,60.0,61.7601,59.6001,59.6001,15000,14.28203
2004-05-14,57.3999,57.3999,56.64,56.64,15900,13.5727
2004-05-17,53.7999,53.7999,53.7999,53.7999,12000,12.89212
2004-05-18,51.12,53.0001,51.12,51.12,90600,12.24994
2004-05-19,50.0001,52.7799,50.0001,51.9,198000,12.43685
2004-05-20,52.2,53.6001,51.9999,53.6001,24900,12.84424
2004-05-21,53.1999,53.7801,53.0001,53.4801,19500,12.81549
2004-05-24,54.0,54.8001,54.0,54.8001,1200,13.1318
2004-05-25,54.0,56.3001,54.0,56.3001,18100,13.49125
2004-05-26,54.9999,57.3999,54.9999,56.1201,12400,13.44812
2004-05-27,55.2,55.98,54.0,54.9801,3300,13.17494
2004-05-28,54.0201,54.0201,52.2399,52.2399,37400,12.5183
2004-05-31,49.6401,51.0,49.6401,50.5599,50100,12.11572
2004-06-01,50.0001,50.0001,48.9,48.9,12000,11.71796
2004-06-02,48.9999,49.7001,48.9,49.1199,29500,11.77065
2004-06-03,50.0001,51.5799,50.0001,51.5799,42800,12.36014
2004-06-04,54.0,54.1401,53.0001,54.1401,37300,12.97365
2004-06-07,56.8401,56.8401,56.8401,56.8401,6600,13.62065
2004-06-08,59.6799,59.6799,59.6799,59.6799,29900,14.30115
2004-06-09,62.4999,62.6601,59.0001,59.94,65600,14.36348
2004-06-10,59.9001,60.0,57.3999,59.0001,16500,14.13825
2004-06-11,59.0001,59.0001,59.0001,59.0001,0,14.13825
2004-06-14,57.42,58.5999,56.7,57.0,36400,13.65897
2004-06-15,57.3999,58.98,57.3999,57.8601,28200,13.86507
2004-06-16,59.7399,60.0999,59.0001,59.7999,21800,14.32991
2004-06-17,59.0001,60.0,59.0001,59.6601,22400,14.29641
2004-06-18,60.0,60.3999,59.0001,59.6001,15700,14.28203
2004-06-21,59.6001,59.6001,59.0001,59.0001,10100,14.13825
2004-06-22,59.1,59.1999,59.0001,59.1,20300,14.16219
2004-06-23,57.0,58.5999,56.9001,56.9001,25500,13.63503
2004-06-24,58.8999,58.8999,56.7999,57.9999,3500,13.89857
2004-06-25,58.74,58.74,57.9999,58.5801,5400,14.03761
2004-06-28,59.6001,61.5,59.6001,60.96,99600,14.60791
2004-06-29,63.0,63.9999,63.0,63.9999,22800,15.33636
2004-06-30,65.0001,67.2,63.9999,67.2,66700,16.1032
2004-07-01,68.0001,68.0001,66.9999,67.8999,8600,16.27092
2004-07-02,66.9999,66.9999,66.0,66.78,25000,16.00256
2004-07-05,67.5999,67.5999,65.3001,66.9999,16800,16.05525
2004-07-06,66.6201,66.6201,63.8001,64.1001,39600,15.36037
2004-07-07,64.2999,66.3999,64.2999,65.0199,10800,15.58078
2004-07-08,66.0,68.2599,64.02,65.88,283400,15.78689
2004-07-09,62.6001,65.6001,62.6001,65.4,39400,15.67187
2004-07-12,65.6001,66.6,65.0001,65.4,29300,15.67187
2004-07-13,65.0001,65.0001,62.3001,63.3399,30700,15.1782
2004-07-14,63.9999,63.9999,60.9999,61.2999,19900,14.68936
2004-07-15,62.0001,62.9001,62.0001,62.0001,21400,14.85715
2004-07-16,64.98,64.98,61.1001,63.54,32100,15.22615
2004-07-19,63.0,63.3999,62.4201,63.2799,5300,15.16383
2004-07-20,63.0,63.9999,63.0,63.8001,2300,17.82342
2004-07-21,63.6,63.9999,62.4,62.6799,11500,17.51048
2004-07-22,63.6,65.82,63.6,65.82,71200,18.38771
2004-07-23,68.4,69.0999,68.4,69.0999,153700,19.30399
2004-07-26,70.5,70.5,67.5999,69.2601,88300,19.34875
2004-07-27,68.0001,68.9001,67.4001,67.8,3400,18.94085
2004-07-28,68.7801,71.1999,68.6001,69.78,94700,19.49399
2004-07-29,69.6,69.6,68.4,68.4801,7600,19.13084
2004-07-30,69.8001,69.8001,65.46,65.9799,105600,18.43238
2004-08-02,65.0601,66.3399,64.4199,65.7801,33200,18.37656
2004-08-03,65.7999,66.2001,63.48,64.5,24100,18.01895
2004-08-04,64.4001,64.98,63.2601,63.2601,12500,17.67257
2004-08-05,64.7799,64.7799,63.9999,63.9999,14400,17.87924
2004-08-06,64.2,64.2,62.46,62.9199,22900,17.57753
2004-08-09,63.54,64.2,62.9199,63.0399,14400,17.61105
2004-08-10,63.9999,64.8,63.9999,64.02,16400,17.88485
2004-08-11,63.9999,66.2001,63.0,65.0001,26200,18.15866
2004-08-12,63.9999,65.6001,63.9999,65.6001,32000,18.32628
2004-08-13,65.0199,66.6,65.0001,66.0201,13900,18.44361
2004-08-16,66.2001,68.4,66.0,68.4,25100,19.10847
2004-08-17,67.8,69.0,67.6599,68.82,52800,19.2258
2004-08-18,69.78,69.8001,67.2,69.7401,28000,19.48284
2004-08-19,69.0,70.4001,68.0601,69.9201,124800,19.53313
2004-08-20,69.0,73.4001,68.04,71.58,50400,19.99684
2004-08-23,73.5999,75.1401,71.1999,75.1401,139600,20.9914
2004-08-24,75.2001,78.8001,75.2001,78.2001,80000,21.84626
2004-08-25,78.9999,80.0199,78.0,78.2601,39900,21.86302
2004-08-26,78.0,78.9999,76.7199,78.8799,40800,22.03617
2004-08-27,78.5199,78.5199,78.0,78.06,20600,21.80712
2004-08-30,80.0001,81.96,80.0001,81.96,67100,22.89664
2004-08-31,83.6001,86.04,83.6001,86.04,142200,24.03644
2004-09-01,90.3399,90.3399,83.6001,84.6201,130900,23.63977
2004-09-02,84.0,85.8201,83.6199,84.48,49400,23.60063
2004-09-03,84.9999,85.5999,84.2001,84.5799,11800,23.62854
2004-09-06,85.5999,88.8,85.1001,88.5201,44000,24.72929
2004-09-07,87.9999,92.94,87.4599,92.7801,86900,25.91938
2004-09-08,93.9999,95.0001,92.6001,92.64,50200,25.88024
2004-09-09,90.3399,93.18,90.3399,91.7601,13600,25.63443
2004-09-10,90.9999,90.9999,88.8999,89.2401,13200,24.93043
2004-09-13,90.5799,90.8001,86.7999,87.2601,38900,24.37729
2004-09-14,84.6,87.2001,84.5001,84.8001,29400,23.69006
2004-09-15,84.0,85.02,84.0,84.42,20900,23.58387
2004-09-16,83.4201,88.6401,83.4201,88.5999,19000,24.75158
2004-09-17,92.6001,92.6001,87.2001,87.9999,1100,24.58396
2004-09-20,89.0001,89.0001,86.1999,86.7,12600,24.22082
2004-09-21,84.9999,86.0001,84.9999,86.0001,2800,24.02529
2004-09-22,85.62,86.6001,83.9001,83.9799,26200,23.46092
2004-09-23,84.9999,84.9999,83.6001,83.7999,2600,23.41064
2004-09-24,84.6,84.9999,81.3999,83.6001,10400,23.35482
2004-09-27,83.22,83.7999,80.0001,83.7999,11800,23.41064
2004-09-28,81.9999,81.9999,80.0199,80.9799,4500,22.62283
2004-09-29,80.9001,83.0001,80.9001,82.08,59100,22.93016
2004-09-30,83.0001,84.6,81.9999,83.0001,8400,23.1872
2004-10-01,80.52,82.2,80.52,82.2,1700,22.96368
2004-10-04,82.2,84.9999,81.8001,82.2,44500,22.96368
2004-10-05,83.7999,84.0,81.9999,83.2401,26400,23.25425
2004-10-06,83.1999,83.34,83.1,83.1,4500,23.21511
2004-10-07,85.4001,85.4001,82.8,83.2599,5200,23.25978
2004-10-08,83.3001,83.4,81.0,81.0999,15700,22.65636
2004-10-11,81.8001,82.5999,81.6201,81.8601,38600,22.86873
2004-10-12,81.2001,81.9999,80.0001,80.1999,14500,22.40493
2004-10-14,77.0199,79.5999,77.0199,79.2399,27900,22.13674
2004-10-15,78.0,79.4001,75.6,77.4399,8400,21.63388
2004-10-18,79.4001,81.3,78.6201,81.2799,24200,22.70664
2004-10-19,82.02,85.3401,81.6,85.3401,23300,23.84091
2004-10-20,89.4999,89.58,86.7999,87.0999,34600,24.33254
2004-10-21,86.1,86.1,82.74,82.7799,11300,23.12569
2004-10-25,80.0001,82.4001,78.66,78.66,12500,21.97474
2004-10-26,79.8,79.8,75.9999,77.7801,36700,21.72893
2004-10-27,76.4001,76.5999,75.6,76.44,25900,21.35455
2004-10-28,76.5999,78.6999,76.5999,77.0001,88600,21.51102
2004-10-29,76.56,77.7999,75.9999,76.5399,22800,21.38246
2004-11-01,77.58,77.6001,75.9999,76.02,20700,21.23722
2004-11-02,77.0001,79.4001,77.0001,77.46,16900,21.6395
2004-11-03,79.8,80.0001,76.2,76.38,42300,21.33779
2004-11-04,78.6999,79.8,78.0201,78.0201,23400,21.79597
2004-11-05,80.1801,81.9201,78.9999,81.9201,11300,22.88549
2004-11-08,84.9999,86.0001,84.9999,86.0001,28900,24.02529
2004-11-09,84.0,84.36,82.02,84.24,6000,23.53359
2004-11-10,83.4,84.0,83.4,84.0,1800,23.46654
2004-11-11,84.2001,84.2001,82.8,83.0799,9600,23.2095
2004-11-12,84.9999,84.9999,83.1999,83.8401,3100,23.42187
2004-11-16,81.6201,83.0001,81.6201,82.8,4300,23.1313
2004-11-17,83.0001,84.6,83.0001,83.04,14400,23.19835
2004-11-18,84.2001,84.9399,83.4999,83.4999,10300,23.32683
2004-11-19,84.0,85.2,82.1001,82.1001,12700,22.93577
2004-11-22,82.2,84.9999,82.2,84.12,31100,23.50006
2004-11-23,84.3999,88.32,84.0,88.2999,137900,24.66777
2004-11-24,91.2,92.7201,90.9999,91.26,69800,25.49472
2004-11-25,92.0001,93.8001,88.8,91.6401,40200,25.6009
2004-11-29,92.0001,93.9999,90.9999,91.5,33700,25.56177
2004-11-30,92.0001,92.0001,87.0,87.6801,32000,24.49462
2004-12-01,88.02,88.02,85.5999,85.5999,10200,23.91349
2004-12-02,85.8,86.1,84.3999,84.7599,11400,23.67883
2004-12-03,87.0,87.2001,83.4,83.4399,17000,23.31007
2004-12-06,85.98,86.0001,83.0001,83.7999,10600,23.41064
2004-12-07,84.0,84.3999,84.0,84.2799,10200,23.54473
2004-12-08,84.9999,84.9999,81.2001,81.9999,47500,22.90778
2004-12-09,84.6,86.1,82.8,84.5199,32700,23.61178
2004-12-10,84.8001,88.74,84.8001,88.74,43400,24.79072
2004-12-13,88.8,93.18,88.8,93.18,104200,26.0311
2004-12-14,96.98009,97.8201,95.6001,96.06,150400,26.83566
2004-12-15,97.2,100.86,96.9999,98.8599,175300,27.61785
2004-12-16,99.2001,101.1,96.0201,98.4399,27900,27.50052
2004-12-17,99.77999,101.7999,93.9999,99.3801,93000,27.76318
2004-12-20,100.2,101.0001,99.2601,100.2,12900,27.99223
2004-12-21,101.1999,101.4,98.1999,98.7801,26700,27.59556
2004-12-22,99.0,99.9999,97.5999,99.1599,60600,27.70166
2004-12-23,99.98009,104.1,99.2001,104.1,99200,29.08175
2004-12-24,109.2999,109.2999,109.2999,109.2999,40200,30.53441
2004-12-27,105.9999,114.7599,105.9999,111.2799,41800,31.08755
2004-12-28,111.0,111.9,105.72001,106.3599,39000,29.71308
2004-12-29,105.0,107.0001,102.0,103.4199,43600,28.89175
2004-12-30,103.32,106.4001,101.16,102.36,93300,28.59565
2004-12-31,102.9999,107.46,102.9999,107.46,98400,30.02041
2005-01-03,108.2199,112.8399,108.2001,112.5201,59400,31.43401
2005-01-04,115.5999,115.5999,111.0,112.2,29600,31.34459
2005-01-05,109.05989,109.2,106.5999,106.98,29900,29.88631
2005-01-06,104.0001,108.0,102.0,107.0001,23400,29.89193
2005-01-07,108.0,108.0,108.0,108.0,700,30.17126
2005-01-10,110.0001,112.7601,107.6001,107.6001,4000,30.05955
2005-01-11,111.0,111.0,107.6001,107.82,24100,30.12098
2005-01-12,105.9999,107.94,103.2,103.68,17100,28.96441
2005-01-13,105.03991,108.8601,105.03991,108.8601,15900,30.41155
2005-01-14,112.7799,114.3,112.7799,114.3,35800,31.93125
2005-01-17,117.9999,118.7601,115.6599,117.9,23100,32.93696
2005-01-18,118.02,122.4,117.8001,121.8399,47800,34.03763
2005-01-19,123.9999,127.92,123.9999,127.92,56300,35.73619
2005-01-20,129.0,134.3199,129.0,134.3199,60400,37.52408
2005-01-24,140.4,141.0201,137.4,140.04,117900,39.12207
2005-01-25,141.8001,141.8001,133.0401,133.0401,40800,37.16655
2005-01-27,132.0,132.9999,126.3999,126.84,39100,35.43447
2005-01-28,129.98009,132.0,127.62,129.7599,17100,36.25019
2005-01-31,132.0,136.2399,129.0,136.1001,54300,38.02141
2005-02-01,134.0001,134.0001,130.4001,132.0999,57200,36.9039
2005-02-02,132.98009,132.98009,129.98009,130.38,40500,36.42342
2005-02-03,135.6,136.8999,128.1999,136.8999,69700,38.24484
2005-02-04,143.7399,143.7399,138.0,140.1,118000,39.13883
2005-02-07,142.98,147.0999,142.2,147.0999,1099400,41.09435
2005-02-08,154.44,154.44,151.4001,154.44,76900,43.14491
2005-02-09,159.48,162.1599,156.03991,159.8199,215800,44.64786
2005-02-10,161.7999,167.7999,158.0001,167.7999,120800,46.87718
2005-02-11,176.0001,176.1999,173.22001,176.1999,163500,49.22383
2005-02-14,184.74001,185.0001,171.12,184.02,186700,51.40848
2005-02-15,185.0001,192.0,182.6001,184.14,107600,51.44201
2005-02-16,188.0001,188.0001,174.9399,176.16,44300,49.21268
2005-02-17,173.01991,177.8001,167.4,171.44011,77400,47.89412
2005-02-18,174.9999,176.0001,167.7999,168.9399,29300,47.19565
2005-02-21,174.0,174.9999,169.2201,171.0,44500,47.77117
2005-02-22,171.0,171.0,165.0,166.2,19700,46.43022
2005-02-23,164.0001,167.0001,162.0201,162.0201,18100,45.26251
2005-02-24,159.9999,170.1201,159.9999,170.1201,20600,47.52535
2005-02-25,177.2001,178.62,172.4001,177.9999,149500,49.72669
2005-02-28,172.6599,176.7999,171.9999,172.86,33100,48.29078
2005-03-01,175.8,175.8,165.9999,170.46,19700,47.62031
2005-03-02,170.0001,177.6,169.8,175.9599,55700,49.15678
2005-03-03,177.9999,184.7601,177.9999,184.7601,150000,51.61524
2005-03-04,193.98001,193.98001,192.0,193.98001,161200,54.19095
2005-03-07,203.6001,203.67991,184.4001,198.3,681200,55.39779
2005-03-08,197.6001,201.59999,195.59999,198.66,74900,55.49836
2005-03-09,198.59999,198.59999,188.7399,189.06,157200,52.81647
2005-03-10,189.9999,198.51991,189.9999,198.08011,79300,55.33636
2005-03-11,201.0,204.0,191.0001,194.3199,196600,54.2859
2005-03-14,195.8001,197.6001,192.20011,194.0601,54900,54.21332
2005-03-15,193.59991,203.75999,193.2,203.75999,220700,56.92312
2005-03-16,207.0,213.59999,206.79989,207.78001,94200,58.04616
2005-03-17,218.16,218.16,214.01999,218.09999,199800,60.92919
2005-03-18,219.87989,227.6001,207.20011,207.98009,78500,58.10206
2005-03-21,215.40001,217.59991,208.2,210.5601,60200,58.82282
2005-03-22,215.6001,215.6001,203.01991,204.12,48000,57.02369
2005-03-23,210.3999,210.3999,196.32001,200.91989,56900,56.12969
2005-03-24,201.99989,205.8,195.99989,200.1801,60900,55.92302
2005-03-28,200.00011,207.3,200.00011,204.9201,33100,57.24721
2005-03-29,203.6001,204.59999,200.00011,202.04011,100600,56.44264
2005-03-30,202.2,212.13991,202.2,212.0799,39500,59.24739
2005-03-31,219.9399,219.99989,216.3999,218.90009,64300,61.15271
2005-04-01,217.59991,219.99989,216.99989,218.49989,66000,61.04091
2005-04-04,219.99989,219.99989,215.6001,218.01991,108400,60.90682
2005-04-05,216.99989,219.75991,212.6001,217.32001,70600,60.71129
2005-04-06,219.3801,228.17999,219.3801,228.17999,99800,63.74517
2005-04-07,239.58,239.58,239.58,239.58,16000,66.92992
2005-04-08,251.54011,251.54011,245.00011,251.54011,205400,70.27114
2005-04-11,259.08,264.12,256.01999,264.12,93300,73.7855
2005-04-12,273.59999,277.32001,267.99989,277.2201,132300,77.44519
2005-04-13,281.1999,284.40001,263.36009,263.36009,204700,73.57321
2005-04-15,264.99989,269.00011,251.04,259.92,213400,72.61217
2005-04-18,255.99989,272.91989,255.99989,272.79989,218100,76.21035
2005-04-19,276.36001,279.90001,260.00011,260.7,80000,72.83008
2005-04-20,264.99989,266.00011,252.0,255.1401,27700,71.27684
2005-04-21,258.0,264.8001,252.20011,258.86009,41300,72.31608
2005-04-22,264.0201,267.87989,255.59999,258.21991,28200,72.13723
2005-04-25,260.00011,270.59999,252.59999,261.1599,25200,72.95856
2005-04-26,270.0,270.0,257.00011,258.20011,33900,72.1317
2005-04-27,259.8,266.79989,245.3001,246.59999,69100,68.89105
2005-04-28,243.99989,246.59999,234.2799,234.36001,58500,65.47164
2005-04-29,234.3999,243.59999,222.63991,229.8801,155000,64.22012
2005-05-02,231.3999,241.2,225.0201,239.90009,46500,67.01934
2005-05-03,241.8,246.0,233.8599,239.66011,25100,66.9523
2005-05-04,242.78009,246.0,240.20011,243.75991,13500,68.09763
2005-05-05,243.99989,249.0,243.99989,246.33989,17900,68.81839
2005-05-06,249.8001,249.99989,242.25991,244.67999,17800,68.35467
2005-05-09,256.92,256.92,238.59991,241.2201,31100,67.3881
2005-05-10,231.99989,243.5799,231.99989,242.58,63500,67.76801
2005-05-11,243.0,249.99989,240.20011,241.3401,39100,67.42163
2005-05-12,242.00011,253.40009,242.00011,253.1199,68100,70.71247
2005-05-13,257.00011,265.7601,255.8001,265.7601,64200,74.24369
2005-05-16,276.87989,276.87989,267.0,268.6599,35400,75.05378
2005-05-17,268.2,269.79989,260.1999,264.54,22200,73.90283
2005-05-18,264.0,275.6001,261.0,274.13999,26300,76.58472
2005-05-19,270.0,272.6001,267.99989,267.99989,12200,74.8694
2005-05-20,268.2,271.59991,264.0,269.46,15400,75.2773
2005-05-23,267.3999,270.3999,262.40009,263.79989,15600,73.69607
2005-05-24,264.20011,264.20011,261.0,261.99989,4900,73.19322
2005-05-25,264.0,264.0,261.0,261.42,11900,73.03122
2005-05-26,261.99989,263.00011,256.40009,259.92,14000,72.61217
2005-05-27,261.20011,264.99989,259.2,260.7399,29500,72.84122
2005-05-30,258.20011,264.99989,247.70011,247.70011,28800,69.19838
2005-05-31,246.99989,253.59991,246.20011,249.84,24600,69.79619
2005-06-01,254.00011,254.00011,245.00011,248.00011,20800,69.28219
2005-06-02,243.0,248.88,237.0,239.4201,56000,66.88525
2005-06-03,79.8067,83.2,79.54,82.1333,39200,22.94505
2005-06-06,81.6667,83.6,77.3333,79.9133,122500,22.32486
2005-06-07,243.99989,251.7201,234.0201,250.55999,183400,69.99733
2005-06-08,254.88,262.8,254.00011,255.84,77700,71.47237
2005-06-09,255.99989,263.00011,254.1999,258.6801,33200,72.26579
2005-06-10,259.8,260.1999,255.99989,257.28001,30600,71.87466
2005-06-13,255.99989,270.1401,253.29989,270.1401,102700,75.4673
2005-06-14,272.78009,273.99989,268.01999,269.0799,62300,75.17112
2005-06-15,268.40009,282.54,266.40001,276.59999,138700,77.27196
2005-06-16,278.40001,278.40001,263.00011,264.75991,50400,73.96427
2005-06-17,271.95989,275.00011,260.00011,270.62011,95600,75.6014
2005-06-20,266.00011,270.99989,260.6001,266.78009,24100,74.52863
2005-06-21,264.8001,271.8,260.1999,269.04,48600,75.15997
2005-06-22,276.0,282.50011,272.00011,273.33989,77700,76.3612
2005-06-23,266.4201,285.0,266.4201,272.58,168300,76.14892
2005-06-24,274.59991,286.2,266.00011,282.98009,899400,79.05432
2005-06-27,283.59991,284.1999,273.3999,276.17999,55900,77.15462
2005-06-28,276.0,277.8,269.00011,271.29989,21600,75.7913
2005-06-29,274.8,277.8,272.00011,275.4201,23100,76.94234
2005-06-30,275.00011,282.0,272.0601,280.59991,67200,78.38939
2005-07-01,278.00011,293.00011,278.00011,291.62011,59600,81.46803
2005-07-04,288.0,302.001,285.99989,294.9201,101700,82.38993
2005-07-05,294.0,301.299,291.0,294.6801,87900,82.32288
2005-07-06,298.8,309.42,294.99989,309.42,593000,86.44067
2005-07-07,311.19901,324.879,299.00011,303.09899,534200,84.67481
2005-07-08,313.59899,318.24001,308.001,310.419,257800,86.71975
2005-07-11,319.299,325.94101,319.299,325.94101,43800,91.05604
2005-07-12,342.21899,342.21899,333.0,339.98101,905800,94.9783
2005-07-13,339.0,343.76099,329.001,330.579,316400,92.35172
2005-07-14,330.39901,347.09999,330.0,347.09999,656000,101.57609
2005-07-15,364.461,364.461,364.461,364.461,384900,106.65665
2005-07-18,382.67999,382.67999,351.999,382.23901,1219900,111.85925
2005-07-19,386.88002,401.36101,382.59899,399.86101,770200,117.01619
2005-07-20,409.56001,419.84102,409.56001,419.84102,789900,122.86318
2005-07-21,428.00102,440.84102,426.0,440.84102,1133500,129.00867
2005-07-22,451.80002,462.879,450.0,462.879,1255200,135.45791
2005-07-25,483.0,486.02101,475.59901,484.119,1006000,141.67363
2005-07-26,498.0,508.32001,460.5,462.81898,506800,135.44035
2005-07-27,460.19998,467.78101,450.0,457.71899,112900,133.94787
2005-07-29,455.43901,465.99898,450.0,454.80002,94200,133.09366
2005-08-01,456.0,458.78101,446.60101,453.80099,52000,132.8013
2005-08-02,458.00102,476.19901,451.80002,464.09999,199300,135.81522
2005-08-03,473.00102,473.799,446.19901,453.27901,80700,132.64855
2005-08-04,456.50102,465.0,453.201,461.42102,80300,135.03124
2005-08-05,463.80002,467.19901,458.01901,461.121,59200,134.94344
2005-08-08,465.80099,471.99898,461.00102,463.05899,100700,135.51058
2005-08-09,464.07898,486.201,462.99898,476.619,346200,139.47881
2005-08-10,480.99898,500.43901,480.0,490.299,403400,143.48216
2005-08-11,497.799,497.799,477.99898,482.64001,116100,141.24081
2005-08-12,480.99898,500.00102,480.0,493.56001,113100,144.43647
2005-08-16,499.80002,518.24098,497.19901,518.24098,155200,151.65916
2005-08-17,536.00102,544.14001,531.99898,544.14001,274300,159.23831
2005-08-18,563.799,571.34102,521.121,527.36101,399100,154.32806
2005-08-19,537.0,546.0,530.00102,531.879,128600,155.65022
2005-08-22,540.0,551.799,523.25999,525.93901,153900,153.91193
2005-08-23,534.99898,534.99898,502.32001,505.61998,220300,147.96572
2005-08-24,504.0,504.99898,482.00102,491.34,236300,143.7868
2005-08-25,495.0,497.00102,471.0,479.619,154500,140.35674
2005-08-26,488.799,495.59999,483.30002,488.541,71600,142.96769
2005-08-29,495.0,495.99898,479.799,484.14001,112400,141.67978
2005-08-30,491.799,501.0,483.99898,499.41902,125300,146.15106
2005-08-31,499.40099,504.80099,487.19998,490.539,170600,143.55239
2005-09-01,495.0,505.80002,480.0,484.41902,168300,141.76143
2005-09-02,486.99898,489.80099,474.0,481.05899,193400,140.77814
2005-09-05,487.80002,505.10101,487.80002,505.10101,131900,147.81385
2005-09-06,516.93901,529.74001,500.00102,503.541,186400,147.35732
2005-09-08,509.799,528.72002,500.00102,528.72002,311000,154.72577
2005-09-09,537.59999,547.59901,506.19901,511.25999,722500,149.61623
2005-09-12,513.99898,521.60101,507.99898,519.66,74900,152.07442
2005-09-13,528.99898,545.64001,513.0,545.64001,212900,159.67727
2005-09-14,555.99898,572.90099,552.0,562.74001,526900,164.68145
2005-09-15,572.00102,589.80002,555.99898,583.461,257100,170.74528
2005-09-16,595.59901,599.97899,570.02101,577.25999,167000,168.93061
2005-09-19,575.00102,590.00102,575.00102,577.67999,182200,169.05352
2005-09-20,572.00102,575.00102,558.99898,571.71899,148100,167.30908
2005-09-21,558.0,569.799,543.14099,543.81898,131500,159.14436
2005-09-22,543.99898,543.99898,516.63899,516.63899,112700,151.19035
2005-09-23,493.01999,516.0,490.80002,490.80002,136400,143.62878
2005-09-26,466.41902,513.99898,466.40099,499.14001,427600,146.06941
2005-09-27,507.59999,524.07898,498.0,524.07898,277100,153.3676
2005-09-28,531.99898,538.94101,497.88002,503.619,405000,147.38015
2005-09-29,496.80002,507.77998,483.99898,500.34,210700,146.42058
2005-09-30,500.40001,510.0,476.00102,500.60101,420400,146.49696
2005-10-03,509.60101,525.63899,500.60101,525.63899,153200,153.82413
2005-10-04,534.99898,551.91902,534.99898,551.91902,74100,161.51477
2005-10-05,560.42102,569.00102,527.46002,533.64001,318300,156.16556
2005-10-06,531.93901,534.80099,506.961,508.58098,523000,148.83223
2005-10-07,259.69949,266.95049,259.69949,266.95049,28000,156.24194
2005-10-10,279.0,279.0,257.6505,259.95,196100,152.14466
2005-10-11,264.0,264.0,247.00051,247.00051,251400,144.56552
2005-10-13,247.99949,247.99949,234.70049,234.94949,194400,137.51225
2005-10-14,229.00051,232.00051,223.24949,223.24949,112000,130.66442
2005-10-17,214.5,217.99949,212.09999,212.09999,227300,124.1388
2005-10-18,209.7,222.70049,202.1505,204.19949,197700,119.51476
2005-10-19,199.9005,202.00051,193.99949,193.99949,101300,113.54486
2005-10-20,196.00051,199.99949,184.35,187.8,281600,109.91639
2005-10-21,184.9995,197.1495,180.5505,197.1495,176200,115.38851
2005-10-24,201.4005,201.4005,187.9995,189.9,122900,111.14549
2005-10-25,190.9005,192.49949,183.0,187.95,52600,110.00419
2005-10-26,187.0005,190.4505,182.5005,185.55,71100,108.5995
2005-10-27,184.0995,192.79951,178.6005,180.5505,132100,105.67337
2005-10-28,179.7,182.5005,174.15,177.45,96300,103.8587
2005-10-31,183.7005,186.3,183.7005,186.3,9300,109.03846
2005-11-01,195.59999,195.59999,195.59999,195.59999,9800,114.48161
2005-11-02,205.34999,205.34999,191.8995,196.5,112700,115.00837
2005-11-07,203.7,206.29951,198.0,205.05,64600,120.01255
2005-11-08,209.20049,215.29951,205.00051,215.1495,217600,125.92363
2005-11-09,217.00051,225.90001,214.95,225.90001,424600,132.21573
2005-11-10,227.8995,237.15001,227.8995,237.15001,402800,138.80018
2005-11-11,244.0995,246.90001,232.00051,243.94949,399100,142.77981
2005-11-14,245.7,247.69949,232.6005,234.8505,131300,137.45431
2005-11-16,235.00051,238.75051,223.5,225.45,95500,131.95235
2005-11-17,228.70049,228.70049,214.2,215.44949,153100,126.09921
2005-11-18,214.99949,225.0,208.00051,222.8505,294900,130.4309
2005-11-21,225.79951,227.5995,213.0,215.20049,136100,125.95347
2005-11-22,213.0,217.99949,207.1005,208.8,98400,122.20736
2005-11-23,212.50051,219.19949,208.9005,211.75051,320800,123.93425
2005-11-24,214.00051,216.49949,211.00051,212.25,96400,124.2266
2005-11-25,213.0,215.84999,208.24949,209.5995,70600,122.6753
2005-11-28,214.99949,223.30051,214.99949,216.25051,182800,126.56803
2005-11-29,217.5,217.5,208.99949,210.94949,69200,123.46543
2005-11-30,211.69949,214.5,200.44949,202.9005,106000,118.75448
2005-12-01,204.90001,210.0,204.0,205.65001,87300,120.36372
2005-12-02,207.94949,211.8495,202.0995,204.0,94800,119.398
2005-12-05,205.8,207.45,202.99949,203.7,48400,119.22242
2005-12-06,201.0,213.79951,194.05051,204.3,535900,119.57358
2005-12-07,206.3505,208.69949,197.80051,199.8,216500,116.9398
2005-12-08,200.09999,207.90001,196.99949,201.79951,317100,118.11009
2005-12-09,204.0,210.0,202.3995,205.5,335600,120.27593
2005-12-12,207.70049,215.74949,206.95049,215.74949,553400,126.27479
2005-12-13,217.99949,219.3495,211.99949,213.0,420200,124.66556
2005-12-14,213.70049,215.5995,204.0,207.79951,271500,121.62179
2005-12-15,207.49949,215.09999,207.49949,211.24949,585200,123.64101
2005-12-16,213.0,219.0,211.5,217.0995,319900,127.06493
2005-12-19,218.84999,222.0,216.4005,218.5995,185800,127.94286
2005-12-20,218.5995,229.5,217.99949,227.05051,997200,132.8891
2005-12-21,231.90001,233.7,221.25,225.19949,499200,131.80573
2005-12-22,225.19949,232.00051,222.0,223.30051,245200,130.69428
2005-12-23,224.80051,226.99949,218.95049,220.2,166300,128.87961
2005-12-26,221.7,221.7,209.20049,209.3505,162500,122.52956
2005-12-27,205.99949,219.79951,205.99949,219.4005,142800,128.41167
2005-12-28,221.09999,224.50051,217.00051,220.65001,191700,129.14299
2005-12-29,222.90001,224.74949,219.75,220.34999,91500,128.96739
2005-12-30,220.8,224.74949,220.00051,220.1505,125500,128.85063
2006-01-02,222.70049,224.50051,216.3,218.44949,68400,127.85506
2006-01-03,219.90001,222.79951,218.8995,219.8505,155400,128.67505
2006-01-04,221.8995,223.99949,215.8995,217.3995,141200,127.24052
2006-01-05,219.0,219.25051,210.59999,212.55,129000,124.40218
2006-01-06,213.70049,217.99949,208.5,209.95049,89000,122.88073
2006-01-09,213.70049,213.70049,205.75051,206.84999,110300,121.06605
2006-01-10,208.00051,211.8495,203.5995,205.69949,189000,120.39269
2006-01-11,205.69949,205.69949,205.69949,205.69949,0,120.39269
2006-01-12,205.00051,207.49949,199.00051,199.8,209900,116.9398
2006-01-13,205.00051,205.00051,201.6495,202.05,80800,118.25669
2006-01-16,204.0,204.1005,198.0,199.69949,43200,116.88098
2006-01-17,199.99949,201.94949,190.9995,192.59999,134600,112.72575
2006-01-18,193.00051,194.40001,185.2005,189.7005,109000,111.02873
2006-01-19,192.0,199.1505,189.3495,199.1505,111700,116.55966
2006-01-20,202.99949,209.09999,202.99949,209.09999,122100,122.38294
2006-01-23,211.00051,219.55051,210.0,219.3495,400700,128.38182
2006-01-24,221.74949,224.50051,216.55051,221.55,350300,129.66974
2006-01-25,224.84999,224.84999,212.55,214.34999,115600,125.45569
2006-01-26,214.34999,214.34999,214.34999,214.34999,0,125.45569
2006-01-27,214.99949,217.65001,204.49949,205.8495,76200,120.48048
2006-01-30,207.49949,214.8495,204.0,205.30051,158200,120.15917
2006-01-31,207.45,209.8995,204.59999,205.0995,181100,120.04152
2006-02-01,205.99949,208.5,194.84999,195.6495,453400,114.51058
2006-02-02,196.69949,202.00051,195.0,198.25051,96300,116.03291
2006-02-03,199.0995,199.0995,194.09999,197.50051,47500,115.59395
2006-02-06,198.0,199.30051,190.0005,193.5,66300,113.25251
2006-02-07,196.00051,196.00051,189.1995,191.8005,134500,112.25782
2006-02-08,190.0005,193.5,188.1,189.9495,47900,111.17447
2006-02-09,189.9495,189.9495,189.9495,189.9495,0,111.17447
2006-02-10,191.8995,193.2,190.0005,190.9005,62400,111.73107
2006-02-13,191.8995,193.99949,190.0005,191.0505,61300,111.81886
2006-02-14,192.49949,209.29951,190.1505,201.19949,248700,117.75891
2006-02-15,202.9005,205.00051,192.04951,199.0995,145900,116.52982
2006-02-16,201.0,202.00051,195.0,196.30051,56600,114.89161
2006-02-17,199.99949,207.0,191.0505,192.55051,119300,112.69679
2006-02-20,190.9995,192.25051,187.0005,190.95,87700,111.76004
2006-02-21,192.0,196.00051,190.0005,190.2,176100,111.32108
2006-02-22,189.0,191.7,187.5495,189.7995,72200,111.08667
2006-02-23,190.5,190.9995,188.1,189.75,59700,111.0577
2006-02-24,190.6005,190.6005,187.0005,187.7505,43200,109.88742
2006-02-27,189.9,195.59999,188.3505,190.2,35700,111.32108
2006-02-28,190.0005,193.5,188.5995,190.05,80800,111.23328
2006-03-01,191.7,197.6505,190.5,191.1495,168600,111.8768
2006-03-02,192.1005,207.0,190.9005,202.1505,487200,118.31551
2006-03-03,204.0,211.00051,199.99949,200.74949,281300,117.49553
2006-03-06,205.00051,209.8995,199.95,204.15001,275000,119.4858
2006-03-07,204.8505,204.8505,199.5,200.1495,77100,117.14436
2006-03-08,201.90001,207.0,200.09999,201.94949,328400,118.19787
2006-03-09,203.40001,204.0,199.00051,201.3495,506700,117.84671
2006-03-10,202.9005,210.75,199.75051,206.55,329300,120.89047
2006-03-13,208.5,223.3995,202.05,217.00051,819200,127.007
2006-03-14,218.8995,219.4005,206.3505,207.6495,144200,121.53399
2006-03-15,207.6495,207.6495,207.6495,207.6495,0,121.53399
2006-03-16,208.99949,217.00051,205.6005,206.25,166100,120.71489
2006-03-17,208.00051,211.00051,202.6005,203.3505,154900,119.01786
2006-03-20,205.8495,205.8495,196.99949,202.34999,135700,118.43228
2006-03-21,203.20049,203.8995,198.0,198.70049,54200,116.29628
2006-03-22,196.99949,199.0995,191.55,193.8495,233800,113.45707
2006-03-23,195.70049,201.90001,193.05,195.3495,365500,114.335
2006-03-24,196.99949,198.0,194.80051,196.05,98900,114.74499
2006-03-27,196.00051,204.0,195.15001,197.44949,82900,115.56409
2006-03-28,199.69949,201.0,192.0,193.34999,143900,113.16472
2006-03-29,193.00051,198.94949,193.00051,195.1005,41000,114.18926
2006-03-30,197.84999,209.8995,196.24949,200.3505,162000,117.26201
2006-03-31,199.2,203.50051,194.29951,195.8505,74000,114.62823
2006-04-03,198.70049,211.00051,196.00051,205.65001,468700,120.36372
2006-04-04,205.65001,210.0,202.99949,204.59999,125500,119.74916
2006-04-05,205.9005,213.90001,205.75051,209.1495,255900,122.41192
2006-04-06,209.1495,209.1495,209.1495,209.1495,0,122.41192
2006-04-07,210.0,214.5,202.00051,204.1005,140500,119.45682
2006-04-10,205.99949,209.8995,200.20049,201.94949,125400,118.19787
2006-04-11,201.94949,201.94949,201.94949,201.94949,0,118.19787
2006-04-12,202.99949,202.99949,196.99949,197.84999,72300,115.7985
2006-04-13,198.49949,199.3995,190.05,190.5495,159500,111.52563
2006-04-14,190.5495,190.5495,190.5495,190.5495,0,111.52563
2006-04-17,193.00051,195.90001,190.5495,191.85,60100,112.2868
2006-04-18,192.90001,194.95049,186.5505,188.8995,94300,110.55991
2006-04-19,192.0,192.70049,187.5,187.8,91000,109.91639
2006-04-20,190.6995,192.0,180.0495,185.7495,134700,108.71627
2006-04-21,188.85,189.4995,169.0005,170.2995,465000,99.67362
2006-04-24,171.0,176.8995,165.0,173.2995,261600,101.42948
2006-04-25,175.9995,183.45,171.3495,178.35,165000,104.38546
2006-04-26,178.9995,184.5,176.0505,180.75,96800,105.79014
2006-04-27,185.1495,187.9005,182.5005,184.9995,133100,108.27731
2006-04-28,175.0005,185.8995,169.9995,183.75,93500,107.54599
2006-05-02,191.8995,195.49949,186.0,187.7505,120200,109.88742
2006-05-03,190.0005,191.8005,186.7005,187.7505,116000,109.88742
2006-05-04,190.9995,193.00051,184.9995,186.4005,66700,109.09729
2006-05-05,187.8,189.0,186.0,187.2,80100,109.56523
2006-05-08,190.0005,196.00051,187.5495,191.6505,134200,112.17003
2006-05-09,190.0005,206.7,190.0005,203.44949,502900,119.0758
2006-05-10,204.94949,213.79951,204.94949,210.15001,302500,122.9975
2006-05-11,211.00051,249.49949,208.00051,230.44949,1818100,134.87847
2006-05-12,228.3,244.2,224.74949,227.74949,759400,133.2982
2006-05-15,229.00051,230.50051,214.99949,217.34999,247900,127.21154
2006-05-16,216.94949,228.49949,216.0,225.6495,362100,132.06911
2006-05-17,228.0,242.8995,227.29951,239.50051,465800,140.17589
2006-05-18,235.8,243.3495,217.99949,218.50051,399500,127.88492
2006-05-19,220.00051,232.5,205.99949,214.1505,369700,125.33893
2006-05-22,214.69949,219.90001,178.0005,207.6495,356200,121.53399
2006-05-23,210.0,224.80051,195.0,221.20049,197800,129.46518
2006-05-24,222.70049,227.80051,217.99949,219.79951,92300,128.6452
2006-05-25,218.05051,226.99949,217.0995,223.5,158100,130.81104
2006-05-26,225.0,237.0,217.5,218.95049,192700,128.14829
2006-05-29,220.5,223.99949,217.00051,218.84999,121700,128.08947
2006-05-30,220.00051,222.0,217.99949,218.84999,106500,128.08947
2006-05-31,217.99949,223.00051,214.5,220.8495,160300,129.25975
2006-06-01,222.49949,225.0,211.00051,213.55051,115800,124.98776
2006-06-02,211.99949,220.00051,205.99949,218.3505,216500,127.79712
2006-06-05,223.5,223.5,205.00051,208.99949,82700,122.32412
2006-06-06,202.00051,215.09999,187.0005,207.75,220400,121.59282
2006-06-07,205.00051,211.99949,199.99949,207.4005,239800,121.38826
2006-06-08,200.09999,200.09999,187.2495,191.6505,285100,112.17003
2006-06-09,190.0005,198.49949,190.0005,192.8505,88600,112.87237
2006-06-12,193.00051,196.75051,187.0005,193.65001,118200,113.34031
2006-06-13,193.99949,208.99949,186.0495,202.54951,373700,118.54905
2006-06-14,205.00051,220.00051,204.59999,208.99949,415200,122.32412
2006-06-15,217.00051,219.94949,211.99949,217.1505,238900,127.09478
2006-06-16,219.0,223.99949,213.0,215.29951,369900,126.01142
2006-06-19,214.99949,219.0,211.00051,218.05051,72800,127.62154
2006-06-20,216.0,217.00051,210.25051,212.29951,34400,124.25557
2006-06-21,212.05051,219.0,211.99949,216.75,54800,126.86037
2006-06-22,219.0,224.74949,214.05,215.74949,78700,126.27479
2006-06-23,212.50051,217.99949,211.05,216.19949,35200,126.53817
2006-06-26,212.5995,216.0,209.25,212.1495,79100,124.16777
2006-06-27,211.9005,211.9005,204.1005,207.59999,15100,121.50502
2006-06-28,199.99949,208.99949,199.99949,206.50051,16700,120.86151
2006-06-29,207.4005,207.4005,196.99949,200.95049,377800,117.61317
2006-06-30,203.40001,204.3,184.0005,189.5505,332200,110.94093
2006-07-03,189.9,203.1495,187.6995,199.69949,484400,116.88098
2006-07-04,199.99949,207.0,195.49949,198.3,383400,116.06188
2006-07-05,196.00051,201.0,195.0,200.09999,117900,117.11539
2006-07-06,196.00051,201.0,194.5995,199.95,406700,117.0276
2006-07-07,199.05,204.8505,197.50051,199.99949,149100,117.05656
2006-07-10,199.2,200.8995,198.3495,200.09999,167200,117.11539
2006-07-11,199.99949,200.8995,199.99949,200.05051,16800,117.08642
2006-07-12,199.99949,201.0,199.99949,200.09999,25700,117.11539
2006-07-13,199.99949,218.80051,196.99949,210.75,382700,123.34867
2006-07-14,205.00051,208.00051,190.9995,193.45049,285400,113.22354
2006-07-17,193.99949,196.9005,185.55,187.2,68300,110.42143
2006-07-18,192.0,192.0,181.9995,184.8495,31500,109.03497
2006-07-19,187.0005,190.5,178.9995,180.3,86700,106.3514
2006-07-20,184.8495,187.0005,180.0,180.9495,33900,106.73452
2006-07-21,180.0,181.9005,173.1495,178.3995,58700,105.23038
2006-07-24,175.0995,181.9995,169.7505,178.4505,359200,105.26047
2006-07-25,181.0005,184.6995,181.0005,182.55,43000,107.67859
2006-07-26,182.5005,183.9495,166.0995,175.0995,296400,103.28385
2006-07-27,172.9995,175.0005,169.9995,171.3,93800,101.04268
2006-07-28,174.0,179.8995,170.5995,173.2005,51200,102.16371
2006-07-31,175.0005,175.0005,166.9995,168.9495,180800,99.65623
2006-08-01,169.0005,172.9995,169.0005,171.7995,31300,101.33732
2006-08-02,170.5005,170.5005,163.05,164.85,642500,97.2381
2006-08-03,165.9,165.9,157.6005,159.1005,143400,93.84671
2006-08-04,165.0,165.0,152.5005,155.3505,556700,91.63474
2006-08-07,157.0005,160.9005,156.4995,159.3495,55500,93.99359
2006-08-08,160.4505,162.0,160.0005,160.2495,22100,94.52446
2006-08-09,161.9505,167.4495,160.5,166.1505,91400,98.00521
2006-08-10,166.7505,172.5,166.7505,171.5505,111900,101.19044
2006-08-11,172.0005,177.0,167.4,173.6505,175300,102.42914
2006-08-14,178.0005,178.0005,174.0,174.75,33600,103.0777
2006-08-15,174.75,174.75,174.75,174.75,0,103.0777
2006-08-16,178.5,178.5,175.0995,176.4495,66700,104.08016
2006-08-17,178.9995,180.0,176.5005,177.9,44600,104.93575
2006-08-18,177.0,188.8005,177.0,185.25,102600,109.2712
2006-08-21,187.3995,192.75,185.1,185.4495,73800,109.38888
2006-08-22,186.0,187.8,170.1,171.7995,157800,101.33732
2006-08-23,174.45,178.9995,169.9995,172.35,44200,101.66204
2006-08-24,169.9995,172.9995,169.9995,172.6005,17700,101.8098
2006-08-25,174.0,174.4995,171.0,171.6495,23500,101.24884
2006-08-28,168.1005,174.45,168.1005,171.4995,12500,101.16036
2006-08-29,172.9995,175.0005,170.8005,173.6505,39500,102.42914
2006-08-30,174.1005,175.0005,169.0005,171.4005,44100,101.10196
2006-08-31,172.9995,173.5005,170.25,171.6,46600,101.21964
2006-09-01,171.4995,178.3995,170.25,175.5495,104900,103.54928
2006-09-04,176.5005,178.5,173.1,173.85,27000,102.54682
2006-09-05,172.9995,174.0,168.0495,169.6005,105000,100.04022
2006-09-06,170.55,175.9995,170.55,174.3495,121200,102.84146
2006-09-07,172.05,177.0,172.05,175.7505,86800,103.66785
2006-09-08,176.1,178.9005,166.5,167.7495,192200,98.94839
2006-09-11,171.75,171.9,168.3495,169.5,82500,99.98094
2006-09-12,166.9995,169.9995,164.5005,166.3005,70000,98.09369
2006-09-13,169.9005,169.9995,166.9995,168.0,23900,99.09615
2006-09-14,169.9995,169.9995,164.5005,165.0495,45800,97.35577
2006-09-15,166.05,166.05,160.05,162.0,85900,95.557
2006-09-18,163.9995,163.9995,155.5005,158.5005,109400,93.4928
2006-09-19,159.45,159.45,152.5005,153.8505,78500,90.74996
2006-09-20,154.0005,156.0,150.1995,152.55,103400,89.98284
2006-09-21,153.0495,154.9995,152.8005,154.4505,75400,91.10387
2006-09-22,154.9005,154.9995,150.3495,151.5,52800,89.3635
2006-09-25,154.0005,157.9005,151.0995,151.9005,37100,89.59973
2006-09-26,151.9995,153.0,149.59995,150.5505,33400,88.80342
2006-09-27,153.0,171.0,152.5005,165.7005,584500,97.73978
2006-09-28,168.9,169.95,159.7995,160.4505,178000,94.64302
2006-09-29,160.9995,170.0505,160.0005,168.1995,355000,99.21383
2006-10-02,168.1995,168.1995,168.1995,168.1995,0,99.21383
2006-10-03,168.6,175.9995,162.0,168.8505,337200,99.59783
2006-10-04,169.65,169.65,163.0005,163.35,66100,96.35331
2006-10-05,165.1995,174.4005,164.2995,168.7995,330700,99.56774
2006-10-06,167.25,173.8995,167.25,169.95,124000,100.24638
2006-10-09,169.8,172.0005,167.2005,168.15,72000,99.18463
2006-10-10,169.6005,171.9,165.0,166.0995,120900,97.97513
2006-10-11,166.9995,168.45,160.9995,162.2505,93500,95.70476
2006-10-12,163.0005,164.5005,161.7495,162.8505,75800,96.05868
2006-10-13,163.4505,165.9,162.0495,162.6,86900,95.91092
2006-10-16,163.2495,165.4995,163.2495,164.3505,52100,96.94347
2006-10-17,164.6505,165.9495,160.6995,162.0,59100,95.557
2006-10-18,162.7995,163.5,161.5005,162.15,32300,95.64548
2006-10-19,161.5995,163.0005,160.0005,160.3995,40200,94.61294
2006-10-20,162.0,163.0005,160.05,160.8,46200,94.84917
2006-10-23,162.0,162.0,159.1995,160.0995,38100,94.43598
2006-10-24,159.3495,159.3495,159.3495,159.3495,0,93.99359
2006-10-25,159.3495,159.3495,159.3495,159.3495,0,93.99359
2006-10-26,161.9505,161.9505,158.2995,159.7005,42500,94.20063
2006-10-27,160.3005,163.5,159.0495,161.7495,152000,95.40925
2006-10-30,160.9995,161.8995,158.2005,158.8995,68800,93.72815
2006-10-31,160.0005,160.9995,152.1,153.45,100100,90.51372
2006-11-01,154.9995,156.0,147.19995,149.05005,117500,87.91837
2006-11-02,150.0,155.8005,150.0,150.6,181300,88.83262
2006-11-03,151.6005,153.9,150.0,150.0495,86700,88.5079
2006-11-06,150.0,154.0005,150.0,152.4495,55600,89.92357
2006-11-07,154.0005,154.9995,151.9995,153.1005,56200,90.30756
2006-11-08,154.0005,154.0005,151.7505,152.2995,58700,89.83508
2006-11-09,154.0005,158.8995,153.6,154.9995,295900,91.4277
2006-11-10,156.0,163.65,154.05,158.1,481900,93.25656
2006-11-13,159.6495,159.9495,153.4995,154.8495,194300,91.33923
2006-11-14,156.0,163.5,154.0005,160.6005,350400,94.7315
2006-11-15,161.5005,167.8995,161.1,163.2495,356800,96.29403
2006-11-16,164.2005,169.95,163.0005,163.9005,336700,96.67803
2006-11-17,164.55,167.8005,156.1005,156.9,136300,92.54873
2006-11-20,155.0505,156.9,151.0995,155.2005,103200,91.54627
2006-11-21,155.8005,161.5005,155.7,158.0505,87300,93.22736
2006-11-22,157.0005,161.8995,156.0,159.7995,73500,94.25902
2006-11-23,161.2995,162.0,159.1995,159.7005,57200,94.20063
2006-11-24,159.0,160.0005,156.0,157.7505,52300,93.0504
2006-11-27,158.8995,162.9,158.8995,160.2,82000,94.49526
2006-11-28,158.8995,159.7005,155.5995,155.9505,35900,91.98866
2006-11-29,158.8005,160.9995,157.9995,159.1995,71900,93.90511
2006-11-30,160.0005,175.0005,160.0005,167.4495,563100,98.77144
2006-12-01,169.6995,172.9995,164.1,165.1005,198600,97.38586
2006-12-04,166.8,172.0005,164.5995,165.45,135600,97.59202
2006-12-05,166.0005,167.25,162.3,163.7505,49200,96.58955
2006-12-06,165.15,165.15,157.0995,159.4005,70700,94.02367
2006-12-07,160.0005,165.3495,158.4,160.95,75700,94.93766
2006-12-08,161.8005,164.8995,160.0005,160.3995,87600,94.61294
2006-12-11,160.0005,160.3005,155.1495,157.0995,98000,92.66641
2006-12-12,155.5005,157.95,149.05005,152.9505,106900,90.21909
2006-12-13,151.05,154.5,147.6,152.5995,26400,90.01205
2006-12-14,154.0005,160.9995,154.0005,158.3505,68100,93.40432
2006-12-15,160.3995,160.5,156.1005,156.6495,30100,92.40097
2006-12-18,156.1005,159.0,154.5,155.1495,25200,91.51618
2006-12-19,156.0,157.0005,151.9995,153.8505,36100,90.74996
2006-12-20,154.9995,156.75,152.1,153.1995,15300,90.36596
2006-12-21,153.9,157.6005,153.9,155.4,27100,91.66394
2006-12-22,156.0,157.9995,154.5495,155.4,16500,91.66394
2006-12-25,155.4,155.4,155.4,155.4,0,91.66394
2006-12-26,154.9995,160.0005,154.9995,159.1005,41200,93.84671
2006-12-27,160.8,170.7,156.1005,160.9995,560700,94.96685
2006-12-28,162.0,163.7505,157.6005,158.0505,74000,93.22736
2006-12-29,154.9995,162.6,154.9995,156.3,94600,92.19481
2007-01-01,156.3,156.3,156.3,156.3,0,92.19481
2007-01-02,157.8,162.9495,156.5505,157.95,61600,93.16808
2007-01-03,157.9995,159.4995,155.7,156.1005,73200,92.07714
2007-01-04,157.0005,162.7995,156.7995,160.2495,196300,94.52446
2007-01-05,161.0505,163.9995,159.0495,159.7995,74700,94.25902
2007-01-08,160.0005,169.9995,157.2495,169.0995,2229900,99.7447
2007-01-09,171.0,174.9,166.0995,167.4,415100,98.74224
2007-01-10,166.0005,171.2505,163.9995,165.2505,181400,97.47434
2007-01-11,167.25,169.9995,165.4995,167.85,80300,99.00768
2007-01-12,169.9005,169.9005,167.3505,167.8995,57400,99.03687
2007-01-15,169.8,171.4995,167.55,168.6,45700,99.45007
2007-01-16,169.9005,169.9995,165.4005,166.95,50400,98.47681
2007-01-17,167.7495,169.0005,166.65,167.8005,28300,98.97847
2007-01-18,168.4995,172.0005,166.05,167.1,59600,98.56528
2007-01-19,168.7995,182.8005,166.9995,180.8505,576300,106.67613
2007-01-22,182.8005,186.4005,178.1505,180.4005,286600,106.41069
2007-01-23,180.4005,180.4005,170.5995,172.7505,112200,101.89827
2007-01-24,174.0,175.0005,169.9995,171.15,57100,100.9542
2007-01-25,173.25,174.9,167.25,168.2505,67600,99.24391
2007-01-26,168.2505,168.2505,168.2505,168.2505,0,99.24391
2007-01-29,169.0005,169.2495,165.3,166.5495,65800,98.24056
2007-01-30,166.5495,166.5495,166.5495,166.5495,0,98.24056
2007-01-31,168.7995,168.7995,157.9995,158.85,69500,93.69895
2007-02-01,160.9995,163.0005,156.0,157.8,115000,93.0796
2007-02-02,159.7005,159.75,153.1005,153.8505,186800,90.74996
2007-02-05,154.9995,154.9995,154.0005,154.5,66900,91.13307
2007-02-06,154.95,162.1995,154.2495,159.3495,176800,93.99359
2007-02-07,162.1005,166.3005,160.9995,162.1995,184700,95.67468
2007-02-08,163.9005,163.9005,157.9995,158.85,55300,93.69895
2007-02-09,159.7005,160.9995,154.95,155.55,57600,91.75242
2007-02-12,156.1005,157.5,148.00005,153.7005,45800,90.66148
2007-02-13,148.5,154.05,147.0,148.69995,57200,87.71186
2007-02-14,145.99995,151.3995,144.10006,149.29995,36500,88.06578
2007-02-15,145.24995,155.55,119.44995,154.7505,27000,91.28083
2007-02-16,154.7505,154.7505,154.7505,154.7505,0,91.28083
2007-02-19,154.9995,157.0005,153.0,154.2,41300,90.95611
2007-02-20,154.5,154.9005,149.59995,150.2505,27200,88.62647
2007-02-21,151.0005,152.25,148.99995,151.5495,17100,89.39269
2007-02-22,151.5,154.5,150.4995,151.6005,23700,89.42278
2007-02-23,151.5,152.4,150.0,151.6005,53600,89.42278
2007-02-26,151.5,153.0,150.0,151.8,18600,89.54045
2007-02-27,150.1995,153.9,150.1995,152.5995,14900,90.01205
2007-02-28,142.99995,156.0,142.99995,150.4005,52900,88.71494
2007-03-01,151.6995,153.5505,147.0,151.2,38100,89.18654
2007-03-02,150.0495,152.5005,150.0,150.4005,43700,88.71494
2007-03-05,147.0,147.0,138.0,142.05,436600,83.78933
2007-03-06,147.0,147.0,140.25,141.85006,33900,83.6714
2007-03-07,142.5,143.50005,137.1,138.40005,53400,81.63638
2007-03-08,139.35,139.5,130.00005,136.60006,424900,80.57464
2007-03-09,136.09995,142.39994,136.09995,140.65005,34300,82.96357
2007-03-12,139.54995,142.69995,139.54995,141.3,28900,83.34694
2007-03-13,141.0,146.89994,141.0,145.5,18900,85.82435
2007-03-14,143.50005,143.50005,140.1,141.0,14900,83.16999
2007-03-15,141.15,142.99995,138.0,139.54995,20500,82.31466
2007-03-16,138.34995,139.99995,137.14994,138.25005,29400,81.54791
2007-03-19,138.25005,139.99995,136.5,139.05,25100,82.01976
2007-03-20,141.0,142.8,136.60006,137.50005,32800,81.10551
2007-03-21,137.14994,138.0,135.40005,136.15005,248600,80.3092
2007-03-22,136.09995,140.80005,133.24995,133.99995,157400,79.04095
2007-03-23,135.0,139.84995,133.15005,137.44995,223000,81.07596
2007-03-26,138.45,138.45,134.20005,134.85,78200,79.54236
2007-03-27,134.85,134.85,134.85,134.85,0,79.54236
2007-03-28,132.0,136.95,132.0,132.45,72800,78.1267
2007-03-29,133.99995,135.0,132.0,132.34995,25400,78.06768
2007-03-30,133.00005,135.0,130.95,132.45,70900,78.1267
2007-04-02,130.00005,133.95,127.00005,130.09995,20600,76.7405
2007-04-03,130.5,133.99995,130.39994,131.85,7400,77.77279
2007-04-04,133.5,133.75005,131.7,132.49995,11800,78.15616
2007-04-05,130.65,139.99995,130.65,138.25005,61100,81.54791
2007-04-06,138.25005,138.25005,138.25005,138.25005,0,81.54791
2007-04-09,141.0,141.0,138.0,138.94995,57400,81.96075
2007-04-10,139.90005,139.99995,138.55005,139.99995,86200,82.5801
2007-04-11,141.0,162.0,138.85006,155.8995,356000,91.95857
2007-04-12,156.0,160.3005,151.3005,154.35,110700,91.04459
2007-04-13,154.9005,159.45,152.1,157.6995,49300,93.02032
2007-04-16,160.9995,162.0,156.15,157.3995,39300,92.84336
2007-04-17,157.9995,159.9,152.0505,152.7,61500,90.07133
2007-04-18,154.9995,161.8995,153.0,156.4995,80200,92.31249
2007-04-19,153.1995,156.4995,152.1495,153.15,20800,90.33676
2007-04-20,155.9505,156.0,151.9995,152.4,26500,89.89437
2007-04-23,154.9995,156.0,148.00005,150.4995,14600,88.77334
2007-04-24,150.4995,154.0005,148.99995,151.0005,22600,89.06886
2007-04-25,151.9995,154.0005,150.0,150.6,18300,88.83262
2007-04-26,152.5005,159.8505,151.1505,153.0,76700,90.24828
2007-04-27,152.1,153.4005,149.05005,150.0495,34000,88.5079
2007-04-30,150.4995,155.4,148.99995,150.15,136400,88.56719
2007-05-02,150.15,150.15,150.15,150.15,0,88.56719
2007-05-03,154.7505,154.9995,143.14994,144.19995,64800,85.0575
2007-05-04,145.00005,145.99995,138.49995,139.15005,77400,82.07878
2007-05-07,141.3,142.24995,137.14994,137.85,36900,81.31193
2007-05-08,138.6,139.45005,132.6,133.45005,35400,78.71658
2007-05-09,133.99995,136.00005,130.60006,132.49995,65400,78.15616
2007-05-10,138.0,138.0,132.0,133.24995,56400,78.59855
2007-05-11,133.00005,136.95,132.04995,134.7,56800,79.45388
2007-05-14,136.5,137.80005,135.0,136.65,44300,80.6041
2007-05-15,136.99995,139.00005,136.99995,138.49995,40200,81.69531
2007-05-16,139.00005,142.5,138.0,141.3,33000,83.34694
2007-05-17,142.00005,143.85,141.10006,143.05005,43200,84.37922
2007-05-18,141.0,144.0,140.59995,141.40005,15700,83.40596
2007-05-21,142.09995,143.4,139.99995,141.10006,12700,83.229
2007-05-22,139.99995,140.50005,135.0,136.99995,31500,80.81052
2007-05-23,138.0,139.00005,134.05005,135.25005,22100,79.77833
2007-05-24,135.10006,136.95,134.14994,135.40005,9400,79.86681
2007-05-25,130.60006,135.0,130.60006,134.29995,33500,79.21791
2007-05-28,135.0,136.00005,133.09995,133.45005,17800,78.71658
2007-05-29,133.99995,135.49995,133.09995,134.35006,34400,79.24746
2007-05-30,135.0,139.5,133.54995,134.05005,83900,79.0705
2007-05-31,135.0,136.84995,133.8,134.65005,48900,79.42442
2007-06-01,135.75,145.00005,135.0,143.7,289700,84.76261
2007-06-04,146.95005,147.49995,139.60006,141.45,112500,83.43542
2007-06-05,144.0,150.7005,141.3,143.55,209400,84.67412
2007-06-06,143.50005,145.5,140.1,140.50005,102000,82.87509
2007-06-07,140.1,140.85,138.10006,139.45005,73600,82.25573
2007-06-08,137.50005,139.5,135.15,137.89994,80500,81.34139
2007-06-11,139.00005,142.00005,136.99995,138.0,58800,81.40041
2007-06-12,139.00005,145.00005,138.75,139.39994,223100,82.22618
2007-06-13,140.89994,142.99995,138.49995,138.94995,42800,81.96075
2007-06-14,140.95005,144.49995,139.00005,144.04995,145300,84.96903
2007-06-15,145.00005,157.0005,142.15005,145.65,914200,85.91282
2007-06-18,148.65,149.50005,145.5,146.1,119200,86.17826
2007-06-19,147.94995,148.00005,145.05,146.50005,52600,86.41424
2007-06-20,146.50005,151.3005,144.55005,145.45005,161600,85.79488
2007-06-21,146.4,148.99995,145.65,147.6,91500,87.06305
2007-06-22,148.95,167.8005,146.4,161.1,1090500,95.02613
2007-06-25,162.3,166.9005,159.9,165.7005,542700,97.73978
2007-06-26,166.5,171.9,163.0005,166.9995,513400,98.506
2007-06-27,168.45,171.45,162.4995,163.4505,231800,96.4126
2007-06-28,165.0,167.7495,157.1505,158.8995,170800,93.72815
2007-06-29,160.0005,162.0,152.8995,155.5995,151000,91.78162
2007-07-02,159.7995,160.0005,152.0505,152.55,168200,89.98284
2007-07-03,153.1005,154.0005,150.5505,151.2495,97900,89.21574
2007-07-04,152.5005,156.7995,147.19995,149.59995,324000,88.24273
2007-07-05,150.3495,151.95,146.1,149.29995,69500,88.06578
2007-07-06,149.59995,152.4,149.35006,150.0495,77600,88.5079
2007-07-09,151.9995,162.9,151.9995,159.4995,417600,94.08207
2007-07-10,160.9005,165.0,156.0,156.9495,142900,92.57793
2007-07-11,156.0,160.0005,154.9995,157.35,141900,92.81417
2007-07-12,158.9505,181.8,158.1495,178.3995,1059000,105.23038
2007-07-13,181.3995,184.6995,174.1005,174.9,567800,103.16617
2007-07-16,175.95,178.0005,172.0005,175.05,81000,103.25465
2007-07-17,175.9005,178.95,172.9995,174.9495,137500,103.19537
2007-07-18,176.5005,187.0005,171.0,176.2995,358800,103.99168
2007-07-19,176.8995,181.9995,171.3495,175.0005,145200,103.22545
2007-07-20,172.9995,186.9,172.9995,176.7495,387800,104.25712
2007-07-23,177.0,181.9995,174.2505,175.3005,135000,103.40241
2007-07-24,176.8005,181.95,171.4995,179.25,150100,105.73206
2007-07-25,178.5495,178.5495,171.0,173.3505,85800,102.25219
2007-07-26,175.0005,175.2,171.0495,171.7995,67700,102.22184
2007-07-27,169.9995,171.0,160.1505,161.85,74200,96.30182
2007-07-30,162.8505,167.9505,158.9505,163.2,54500,97.10508
2007-07-31,166.0005,166.9995,162.8505,164.2995,38100,97.75929
2007-08-01,164.5995,164.5995,154.0005,155.1,49300,92.28553
2007-08-02,155.1,162.0495,154.9995,158.2995,29700,94.18925
2007-08-03,156.6,162.0,156.6,160.2495,54200,95.34951
2007-08-06,155.1,174.9,151.5,170.3505,133400,101.35968
2007-08-07,172.9995,174.0,168.0495,169.95,93500,101.12138
2007-08-08,169.9995,173.5005,166.0005,169.9995,69200,101.15083
2007-08-09,172.0005,173.8995,166.5,169.05,54600,100.58587
2007-08-10,161.5005,168.0,160.9995,167.0505,28100,99.39615
2007-08-13,168.0,172.9995,161.5995,164.1495,19200,97.67004
2007-08-14,165.9495,165.9495,160.9995,163.05,19000,97.01583
2007-08-15,164.1495,164.1495,164.1495,164.1495,0,97.67004
2007-08-16,157.0995,162.0,151.6005,153.7995,34500,91.51172
2007-08-17,151.9995,157.5,148.99995,155.9505,38000,92.79158
2007-08-20,160.0005,161.8995,152.55,153.9495,45900,91.60098
2007-08-21,153.0,153.2505,145.5,146.14994,64100,86.96019
2007-08-22,147.0,148.00005,140.1,145.30005,30300,86.45449
2007-08-23,147.0,150.45,143.1,145.15005,31900,86.36524
2007-08-24,145.99995,148.95,145.2,146.25,8600,87.01972
2007-08-27,147.0,151.6995,145.90005,150.75,23500,89.69725
2007-08-28,151.0005,152.5005,149.85,150.0,14400,89.25099
2007-08-29,150.4995,154.9995,148.00005,149.89994,11400,89.19146
2007-08-30,148.99995,153.7005,148.00005,148.05,35700,88.09073
2007-08-31,148.99995,154.9995,148.99995,152.8005,24100,90.91731
2007-09-03,157.9995,175.0995,153.15,154.65,28700,92.01777
2007-09-04,154.9995,156.4995,154.0005,154.9995,45600,92.22573
2007-09-05,157.9995,157.9995,154.0005,154.8,24100,92.10702
2007-09-06,154.0005,157.9995,151.9995,154.0005,33100,91.63132
2007-09-07,154.5,155.5995,148.99995,151.9995,130300,90.44071
2007-09-10,153.1995,154.35,151.5,152.8005,103400,90.91731
2007-09-11,154.9995,155.8005,153.0,153.7005,50200,91.45282
2007-09-12,154.6995,155.3505,150.6,151.4505,82500,90.11405
2007-09-13,151.95,153.45,148.24995,148.99995,49800,88.65596
2007-09-14,151.9995,152.85,148.00005,148.99995,89000,88.65596
2007-09-17,150.0,150.0,147.0,147.85006,12500,87.97176
2007-09-18,146.4,148.99995,145.00005,147.6,35100,87.82298
2007-09-19,151.5,151.5,147.64994,148.05,120300,88.09073
2007-09-20,148.99995,148.99995,145.09995,146.59995,32900,87.22794
2007-09-21,145.09995,153.0,145.00005,147.0,70600,87.46597
2007-09-24,147.49995,150.4995,145.00005,145.2,59600,86.39496
2007-09-25,147.75,151.0005,145.00005,148.60006,82800,88.41802
2007-09-26,151.0005,151.5,146.25,146.25,59200,87.01972
2007-09-27,148.95,148.99995,145.00005,145.05,25800,86.30571
2007-09-28,145.99995,147.0,145.5,145.5,13200,86.57346
2007-10-01,145.05,146.59995,142.99995,143.50005,35500,85.38348
2007-10-02,143.50005,143.50005,143.50005,143.50005,0,85.38348
2007-10-03,154.0005,154.0005,139.54995,140.1,93800,83.36043
2007-10-04,138.04995,145.00005,138.04995,142.00005,48800,84.49097
2007-10-05,141.0,142.05,139.99995,139.99995,41000,83.3009
2007-10-08,141.0,143.89994,136.2,137.25,51900,81.66466
2007-10-09,139.99995,139.99995,133.99995,137.7,82400,81.93241
2007-10-10,140.95005,140.95005,134.89994,136.60006,54500,81.27794
2007-10-11,136.00005,136.00005,132.10006,134.59995,35300,80.08786
2007-10-12,135.0,136.00005,133.00005,133.5,36400,79.43338
2007-10-15,135.79995,136.00005,130.39994,132.6,33800,78.89788
2007-10-16,131.95005,133.00005,128.50005,129.49995,62200,77.05333
2007-10-17,121.69995,129.9,121.69995,124.2,56200,73.89983
2007-10-18,125.05005,127.84995,119.1,121.15005,71800,72.08508
2007-10-19,122.95005,122.95005,119.7,120.49995,27000,71.69827
2007-10-22,122.89994,122.89994,113.80005,114.79995,41800,68.30673
2007-10-23,117.0,135.70005,115.99995,135.0,99800,80.32589
2007-10-24,122.20005,143.65005,122.20005,140.35006,143500,83.50921
2007-10-25,141.0,146.89994,135.0,145.35,141200,86.48421
2007-10-26,139.99995,151.0005,139.95,149.89994,155400,89.19146
2007-10-29,140.25,151.4505,140.25,148.84995,100100,88.56671
2007-10-30,150.0,150.0,145.00005,145.95,71800,86.84122
2007-10-31,145.99995,147.0,143.74995,145.05,15000,86.30571
2007-11-01,145.00005,145.00005,127.00005,133.99995,184500,79.73086
2007-11-02,130.00005,133.99995,130.00005,131.4,18400,78.18387
2007-11-05,133.99995,133.99995,131.14994,133.75005,33200,79.58217
2007-11-06,134.50005,136.90005,130.00005,135.9,40100,80.8614
2007-11-07,135.0,135.9,131.65005,135.0,19000,80.32589
2007-11-08,133.99995,136.8,128.14994,129.94995,18500,77.32108
2007-11-09,133.99995,133.99995,129.0,133.45005,5800,79.40366
2007-11-12,130.00005,130.00005,127.99995,128.1,6000,76.22035
2007-11-13,126.25005,136.99995,126.15,132.04995,59100,78.5706
2007-11-14,136.00005,136.69995,131.50005,132.19995,15900,78.65985
2007-11-15,133.99995,135.0,130.00005,130.69995,66500,77.76734
2007-11-16,127.00005,132.70005,127.00005,128.95005,23000,76.72613
2007-11-19,130.09995,133.00005,130.09995,131.80005,28200,78.4219
2007-11-20,130.99995,139.00005,130.99995,132.64994,138700,78.9276
2007-11-21,134.25,136.00005,127.24995,129.55005,108900,77.08314
2007-11-22,127.24995,132.0,126.9,129.94995,14800,77.32108
2007-11-23,129.49995,130.90005,127.09995,127.69995,15300,75.98232
2007-11-26,129.0,132.0,126.55005,126.55005,10200,75.29812
2007-11-27,127.00005,130.00005,125.14994,126.9,17900,75.50634
2007-11-28,126.9,129.94995,125.20005,126.0,20100,74.97083
2007-11-29,126.04995,127.00005,123.49995,124.35,25900,73.98908
2007-11-30,124.00005,127.95,122.29995,122.29995,26500,72.76928
2007-12-03,124.99995,126.49995,124.35,125.55,18400,74.70308
2007-12-04,126.0,126.10006,124.90005,126.0,15800,74.97083
2007-12-05,123.0,137.7,123.0,135.75,494300,80.77215
2007-12-06,137.59995,151.5,137.50005,145.60006,322100,86.633
2007-12-07,150.1005,150.9,136.99995,139.00005,57700,82.70595
2007-12-10,146.4,146.4,135.19995,136.75005,22900,81.36719
2007-12-11,138.0,145.00005,138.0,142.35,71400,84.69919
2007-12-12,142.35,146.65005,140.59995,144.9,63500,86.21646
2007-12-13,145.99995,150.0,145.00005,145.99995,37800,86.87094
2007-12-14,145.99995,148.65,145.00005,146.7,41100,87.28747
2007-12-17,148.5,149.89994,140.50005,142.75005,70300,84.93723
2007-12-18,140.1,142.99995,137.50005,142.8,56500,84.96694
2007-12-19,148.39994,148.39994,140.25,144.79995,27300,86.15693
2007-12-20,145.00005,145.99995,142.90005,145.09995,32700,86.33543
2007-12-21,145.09995,145.09995,145.09995,145.09995,0,86.33543
2007-12-24,148.00005,148.95,141.0,141.40005,23800,84.13397
2007-12-25,141.40005,141.40005,141.40005,141.40005,0,84.13397
2007-12-26,141.0,145.00005,141.0,142.99995,9600,85.08592
2007-12-27,147.19995,161.5005,142.99995,149.50005,280700,88.95352
2007-12-28,150.9,154.5,142.99995,144.10006,103400,85.74049
2007-12-31,148.2,160.9995,145.90005,158.7495,362600,94.457
2008-01-01,158.7495,173.4,157.0005,167.85,686800,99.87186
2008-01-02,178.0005,178.0005,165.2505,172.2,326100,102.46014
2008-01-03,172.0005,175.0005,163.5,164.4,155300,97.81909
2008-01-04,169.95,172.6995,156.0,157.65,173200,93.80279
2008-01-07,159.0,168.6,151.2495,152.4495,234400,90.70847
2008-01-08,151.9995,159.4995,148.30005,150.1005,99300,89.31079
2008-01-09,151.0005,151.0005,144.10006,145.60006,64700,86.633
2008-01-10,145.99995,148.5,135.19995,137.80005,57600,81.99194
2008-01-11,138.0,139.00005,133.09995,135.3,31100,80.50439
2008-01-14,139.90005,144.0,139.90005,142.90005,37300,85.02648
2008-01-15,145.00005,150.0,133.09995,137.89994,99800,82.05138
2008-01-16,134.1,139.99995,131.44995,133.09995,38900,79.19535
2008-01-17,135.04995,138.0,133.39994,133.95,50300,79.70114
2008-01-18,132.0,134.89994,124.05,125.14994,159700,74.46505
2008-01-21,125.50005,126.0,112.99995,115.84995,197400,68.93149
2008-01-22,109.95,112.95,92.7,103.90005,137400,61.82122
2008-01-23,112.95,113.89994,103.09995,107.80005,31200,64.14174
2008-01-24,105.0,117.0,86.25,105.40005,110500,62.71373
2008-01-25,111.0,112.00005,103.99995,108.15,47400,64.34997
2008-01-28,103.30005,105.04995,99.0,100.15005,118100,59.58994
2008-01-29,104.80005,109.99995,102.0,103.39994,78800,61.52365
2008-01-30,105.0,106.69995,99.0,100.00005,177200,59.50069
2008-01-31,99.70005,103.00005,99.10006,100.05,42900,59.53041
2008-02-01,101.1,103.00005,100.00005,101.29995,16900,60.27414
2008-02-04,103.99995,105.04995,101.74995,103.05,28000,61.31543
2008-02-05,102.49995,103.99995,100.8,101.35006,33800,60.30395
2008-02-06,99.79995,101.85,98.7,100.00005,135700,59.50069
2008-02-07,100.09995,103.99995,97.5,98.44995,39600,58.57837
2008-02-08,99.0,99.0,93.0,94.30005,38600,56.10915
2008-02-11,94.54995,97.8,87.0,87.19995,35800,51.88455
2008-02-12,88.99995,89.80005,81.40005,85.39995,50200,50.81354
2008-02-13,85.00005,85.00005,75.0,75.75,289200,45.07175
2008-02-14,79.99995,79.99995,74.50005,74.59995,616400,44.38746
2008-02-15,75.0,76.00005,73.5,73.99995,361900,44.03046
2008-02-18,76.00005,85.00005,75.0,81.10005,282000,48.25507
2008-02-19,82.69995,96.79995,82.69995,95.65005,680500,56.91241
2008-02-20,95.80005,95.80005,90.15,91.69995,279100,54.56208
2008-02-21,93.49995,96.6,88.00005,89.74995,149000,53.40182
2008-02-22,88.99995,88.99995,81.04995,85.54995,59500,50.90279
2008-02-25,86.1,88.5,83.05005,83.20005,110700,49.50458
2008-02-26,85.09995,95.95005,82.39995,95.95005,554500,57.09092
2008-02-27,96.0,106.00005,95.80005,102.0,821100,60.69068
2008-02-28,104.89994,109.69995,102.0,105.75,450100,62.92195
2008-02-29,105.0,113.89994,103.8,110.1,501900,65.51023
2008-03-03,105.0,113.50005,102.0,103.95,210000,61.85094
2008-03-04,103.00005,109.00005,97.99995,97.99995,142100,58.31062
2008-03-05,101.85,102.40005,92.55,93.85005,104000,55.8414
2008-03-06,93.85005,93.85005,93.85005,93.85005,0,55.8414
2008-03-07,91.00005,91.00005,83.29995,85.2,104200,50.69456
2008-03-10,83.55,83.55,76.00005,78.94995,258700,46.97574
2008-03-11,79.45005,83.44995,76.60005,79.54995,223800,47.33275
2008-03-12,85.00005,85.00005,78.0,79.00005,151000,47.00555
2008-03-13,77.80005,79.2,75.0,75.49995,90900,44.92297
2008-03-14,76.24995,76.99995,74.05005,75.34995,87600,44.83372
2008-03-17,73.00005,73.5,60.34995,61.8,196500,36.77141
2008-03-18,62.50005,72.45,61.8,69.04995,572000,41.08518
2008-03-19,72.9,74.59995,63.0,65.1,104300,38.73493
2008-03-20,65.1,65.1,65.1,65.1,0,38.73493
2008-03-21,65.1,65.1,65.1,65.1,0,38.73493
2008-03-24,64.05,64.99995,57.0,59.35005,122300,35.31367
2008-03-25,61.5,70.00005,58.00005,68.25,222900,40.6092
2008-03-26,67.5,71.50005,61.99995,65.35005,160100,38.88371
2008-03-27,64.95,65.44995,60.3,63.6,95800,37.84242
2008-03-28,64.99995,67.84995,64.00005,66.64995,191500,39.65716
2008-03-31,65.85,67.00005,61.24995,65.50005,160800,38.97296
2008-04-01,66.49995,67.05,65.05005,65.65005,117400,39.06222
2008-04-02,67.90005,67.99995,65.55,65.59995,126000,39.0324
2008-04-03,66.0,66.25005,64.24995,64.75005,24100,38.52671
2008-04-04,64.99995,66.45,64.30005,64.69995,23500,38.4969
2008-04-07,64.09995,64.84995,63.19995,64.39995,103700,38.3184
2008-04-08,64.00005,65.74995,64.00005,64.95,18300,38.64568
2008-04-09,64.99995,69.49995,64.54995,66.25005,255200,39.41922
2008-04-10,66.79995,71.35005,66.15,68.4,400600,40.69845
2008-04-11,69.49995,70.39995,66.64995,67.09995,129900,39.92491
2008-04-14,67.09995,67.09995,67.09995,67.09995,0,39.92491
2008-04-15,67.5,68.50005,65.35005,67.00005,67800,39.86547
2008-04-16,67.00005,68.89995,65.74995,67.05,129400,39.89519
2008-04-17,68.05005,72.0,67.35,69.0,431600,41.05546
2008-04-18,69.0,69.0,69.0,69.0,0,41.05546
2008-04-21,70.30005,77.89995,69.75,76.60005,908700,45.57754
2008-04-22,76.99995,78.85005,74.14995,74.80005,432600,44.50652
2008-04-23,75.94995,76.99995,73.60005,74.20005,227500,44.14952
2008-04-24,75.49995,75.49995,70.35,71.1,82600,42.30497
2008-04-25,72.19995,72.19995,67.5,68.25,160700,40.6092
2008-04-28,69.0,72.55005,67.99995,71.29995,259800,42.42394
2008-04-29,71.59995,74.50005,70.75005,73.2,146000,43.55448
2008-04-30,74.20005,77.4,73.00005,74.50005,431100,44.32802
2008-05-01,74.50005,74.50005,74.50005,74.50005,0,44.32802
2008-05-02,76.99995,77.50005,75.0,75.45,122300,44.89325
2008-05-05,75.0,78.94995,74.4,77.74995,297900,46.26174
2008-05-06,77.50005,82.75005,76.15005,76.84995,849600,45.72623
2008-05-07,76.95,78.10005,75.25005,75.94995,146500,45.19072
2008-05-08,74.95005,76.00005,73.99995,74.1,74200,44.08999
2008-05-09,73.99995,74.95005,70.05,70.69995,67000,42.06694
2008-05-12,70.00005,72.79995,69.0,71.50005,203400,42.543
2008-05-13,73.00005,74.44995,66.40005,67.09995,199400,39.92491
2008-05-14,67.09995,68.50005,63.70005,64.5,275600,38.37793
2008-05-15,65.50005,66.9,64.00005,64.8,132000,38.55643
2008-05-16,65.89995,67.99995,64.65,66.79995,120800,39.74641
2008-05-19,66.79995,66.79995,66.79995,66.79995,0,39.74641
2008-05-20,68.20005,68.20005,65.14995,65.14995,106400,38.76465
2008-05-21,66.0,66.34995,64.45005,66.0,188100,39.27044
2008-05-22,65.59995,66.9,65.44995,66.0,79300,39.27044
2008-05-23,66.6,66.6,62.50005,63.0,83600,37.48542
2008-05-26,63.0,63.79995,61.39995,61.8,51100,36.77141
2008-05-27,65.65005,65.65005,60.15,60.55005,67000,36.02768
2008-05-28,59.85,61.45005,59.65005,60.3,36900,35.8789
2008-05-29,60.55005,62.80005,60.3,61.24995,37400,36.44413
2008-05-30,60.6,61.5,58.8,59.25,37900,35.25414
2008-06-02,59.29995,60.94995,57.10005,58.15005,30300,34.59967
2008-06-03,56.95005,58.00005,54.79995,56.25,36500,33.46912
2008-06-04,55.60005,56.4,52.69995,53.20005,41100,31.65438
2008-06-05,52.60005,54.0,50.20005,51.19995,70400,30.46431
2008-06-06,52.00005,53.50005,50.55,50.74995,34800,30.19656
2008-06-09,49.24995,49.69995,46.30005,48.45,97700,28.82807
2008-06-10,48.45,49.00005,46.00005,46.39995,42600,27.60828
2008-06-11,46.09995,49.99995,46.09995,46.99995,48800,27.96528
2008-06-12,46.99995,49.99995,46.00005,47.59995,87000,28.32228
2008-06-13,48.10005,49.5,46.99995,47.35005,114600,28.17359
2008-06-16,48.79995,50.50005,48.3,48.64995,73300,28.94704
2008-06-17,49.00005,51.0,48.40005,48.6,169900,28.91732
2008-06-18,49.69995,50.74995,49.05,49.35,112600,29.36358
2008-06-19,49.90005,50.89995,48.49995,48.6,131400,28.91732
2008-06-20,49.15005,49.5,47.35005,47.80005,134300,28.44135
2008-06-23,47.14995,47.80005,44.4,45.0,72400,26.7753
2008-06-24,46.30005,46.30005,44.05005,44.44995,26200,26.44802
2008-06-25,43.99995,47.50005,43.30005,45.94995,125900,27.34053
2008-06-26,45.49995,46.8,45.19995,45.19995,36300,26.89427
2008-06-27,44.1,45.85005,43.2,43.75005,25200,26.03157
2008-06-30,43.09995,43.95,40.09995,40.99995,32400,24.39524
2008-07-01,42.0,42.0,36.49995,37.39995,5066000,22.25322
2008-07-02,40.90005,41.50005,37.60005,38.95005,533200,23.17554
2008-07-03,38.14995,39.0,36.70005,38.35005,129600,22.81853
2008-07-04,39.0,46.00005,38.89995,46.00005,442300,27.37033
2008-07-07,49.00005,54.34995,46.60005,47.85,757100,28.47107
2008-07-08,44.25,49.8,44.1,47.85,241100,28.47107
2008-07-09,49.99995,51.49995,47.50005,48.19995,110300,28.67929
2008-07-10,48.85005,49.24995,47.1,47.7,62400,28.38182
2008-07-11,47.74995,48.0,43.5,44.44995,51100,26.44802
2008-07-14,43.99995,44.50005,42.19995,42.70005,38100,25.40681
2008-07-15,43.00005,43.00005,40.00005,40.24995,60000,23.94899
2008-07-16,40.60005,44.95005,37.99995,41.55,806400,24.72253
2008-07-17,42.94995,45.9,42.34995,44.29995,360000,26.35876
2008-07-18,44.7,45.49995,42.19995,42.70005,170800,25.40681
2008-07-21,43.00005,43.00005,40.05,40.54995,123000,24.12749
2008-07-22,41.50005,42.0,40.8,41.59995,149300,24.75225
2008-07-23,43.00005,45.85005,42.49995,43.8,259300,26.06129
2008-07-24,44.29995,44.7,41.59995,42.34995,198800,25.1985
2008-07-25,42.0,42.79995,41.1,41.50005,79900,24.69281
2008-07-28,42.49995,44.50005,41.50005,42.75,212000,25.43653
2008-07-29,42.75,46.99995,40.99995,41.65005,679600,24.78206
2008-07-30,43.00005,43.90005,42.49995,42.94995,321100,25.55551
2008-07-31,43.24995,43.24995,41.4,41.85,154500,24.90103
2008-08-01,41.89995,49.35,40.5,47.35005,646800,28.17359
2008-08-04,47.85,52.5,47.85,50.05005,988600,29.78011
2008-08-05,50.55,51.6,48.15,49.15005,349800,29.24461
2008-08-06,51.0,55.99995,49.5,54.6,1490500,32.48736
2008-08-07,55.2,60.34995,54.79995,59.29995,2162100,35.28386
2008-08-08,60.6,64.99995,59.50005,63.6,1428900,37.84242
2008-08-11,65.1,65.25,60.0,60.75,640600,36.14665
2008-08-12,61.2,61.8,56.80005,58.75005,340000,34.95667
2008-08-13,57.49995,62.25,57.10005,59.95005,363700,35.67068
2008-08-14,58.99995,61.05,57.70005,58.09995,282900,34.56985
2008-08-15,58.09995,58.09995,58.09995,58.09995,0,34.56985
2008-08-18,58.00005,58.30005,54.79995,55.30005,145100,32.9039
2008-08-19,54.49995,55.75005,53.14995,54.94995,184100,32.69558
2008-08-20,55.05,58.00005,55.05,56.95005,176900,33.88566
2008-08-21,56.95005,57.34995,53.7,54.19995,125200,32.24933
2008-08-22,54.0,56.89995,53.59995,55.95,179600,33.29062
2008-08-25,58.00005,58.69995,55.99995,56.29995,151700,33.49884
2008-08-26,55.99995,59.80005,54.0,55.65,446400,33.11212
2008-08-27,55.99995,57.64995,54.10005,54.49995,281100,32.42783
2008-08-28,54.9,55.00005,52.84995,53.14995,143500,31.62457
2008-08-29,53.80005,55.00005,53.44995,54.55005,162200,32.45764
2008-09-01,54.55005,55.60005,53.50005,54.45,86400,32.39811
2008-09-02,55.24995,55.30005,54.15,54.94995,104600,32.69558
2008-09-03,54.94995,54.94995,54.94995,54.94995,0,32.69558
2008-09-04,54.10005,56.59995,54.10005,54.94995,111700,32.69558
2008-09-05,54.10005,55.8,53.95005,54.49995,78500,32.42783
2008-09-08,58.65,61.00005,56.1,56.7,278900,33.73687
2008-09-09,55.90005,56.7,55.24995,55.65,69800,33.11212
2008-09-10,55.00005,56.25,54.19995,55.35,90300,32.93362
2008-09-11,54.9,54.94995,52.39995,53.05005,95300,31.56513
2008-09-12,53.89995,54.70005,52.05,52.75005,87600,31.38663
2008-09-15,51.49995,52.00005,48.10005,49.95,130300,29.72058
2008-09-16,45.49995,51.75,45.49995,51.40005,94000,30.58337
2008-09-17,51.49995,51.94995,48.10005,48.3,86200,28.73882
2008-09-18,46.99995,47.50005,43.24995,46.99995,175000,28.1841
2008-09-19,48.10005,49.5,48.0,48.79995,75000,29.26349
2008-09-22,49.84995,55.99995,48.10005,55.09995,338000,33.04137
2008-09-23,57.0,61.60005,54.9,56.05005,1890000,33.61111
2008-09-24,57.45,59.80005,55.5,57.10005,716200,34.24075
2008-09-25,58.00005,58.60005,53.55,54.04995,247200,32.41172
2008-09-26,54.10005,54.3,48.55005,49.65,207600,29.77324
2008-09-29,49.99995,50.4,43.65,44.44995,187100,26.65496
2008-09-30,41.05005,45.34995,41.05005,44.20005,161400,26.50511
2008-10-01,45.04995,48.79995,44.20005,45.10005,193400,27.0448
2008-10-02,45.10005,45.10005,45.10005,45.10005,0,27.0448
2008-10-03,45.85005,46.75005,41.55,42.45,253100,25.45567
2008-10-06,42.0,42.9,40.99995,42.49995,128700,25.48562
2008-10-07,43.5,43.84995,39.0,39.9,103800,23.92653
2008-10-08,37.99995,40.00005,34.00005,39.25005,131900,23.53678
2008-10-09,39.25005,39.25005,39.25005,39.25005,0,23.53678
2008-10-10,35.50005,37.8,33.0,35.14995,99900,21.0781
2008-10-13,36.3,38.7,36.3,37.69995,56500,22.60724
2008-10-14,40.75005,43.8,39.0,41.89995,193200,25.12582
2008-10-15,41.55,43.00005,39.34995,40.75005,132200,24.43627
2008-10-16,37.99995,39.9,36.3,39.04995,122400,23.41679
2008-10-17,40.39995,45.79995,35.50005,43.05,741800,25.81547
2008-10-20,44.44995,47.95005,44.25,46.95,226100,28.15415
2008-10-21,48.0,48.0,45.79995,46.90005,47300,28.1242
2008-10-22,45.10005,46.5,43.00005,45.55005,45200,27.31465
2008-10-23,40.99995,45.49995,40.99995,42.04995,123700,25.21577
2008-10-24,43.5,43.5,38.29995,39.15,75400,23.47678
2008-10-27,37.99995,40.05,34.09995,36.79995,95600,22.06755
2008-10-28,37.99995,39.85005,37.75005,38.4,44800,23.02704
2008-10-29,39.0,39.94995,37.99995,38.4,52700,23.02704
2008-10-30,38.4,38.4,38.4,38.4,0,23.02704
2008-10-31,39.45,40.00005,38.65005,39.55005,41500,23.71668
2008-11-03,40.00005,43.75005,39.15,42.34995,71400,25.39567
2008-11-04,42.0,45.45,41.55,44.7,77600,26.80491
2008-11-05,46.00005,46.39995,42.75,42.94995,59000,25.75547
2008-11-06,42.70005,47.29995,41.50005,45.75,117800,27.43455
2008-11-07,45.0,48.79995,43.75005,46.95,102100,28.15415
2008-11-10,48.0,51.0,46.00005,48.85005,130400,29.29354
2008-11-11,48.49995,49.00005,44.20005,44.80005,61400,26.8649
2008-11-12,44.29995,47.1,43.90005,44.14995,46200,26.47506
2008-11-13,44.14995,44.14995,44.14995,44.14995,0,26.47506
2008-11-14,44.50005,45.45,43.24995,43.35,34300,25.99536
2008-11-17,43.00005,44.89995,42.55005,43.24995,27800,25.93537
2008-11-18,43.00005,44.20005,42.64995,43.00005,19600,25.78551
2008-11-19,43.00005,43.54995,40.30005,41.35005,30500,24.79607
2008-11-20,40.5,43.5,39.0,40.75005,55300,24.43627
2008-11-21,40.99995,41.50005,39.49995,40.5,20800,24.28633
2008-11-24,40.00005,42.70005,39.75,39.79995,51300,23.86653
2008-11-25,42.49995,43.45005,39.75,40.65,73400,24.37628
2008-11-26,41.50005,42.9,40.00005,41.65005,84000,24.97597
2008-11-27,41.65005,41.65005,41.65005,41.65005,0,24.97597
2008-11-28,42.0,42.04995,40.30005,40.95,16100,24.55617
2008-12-01,41.29995,45.70005,41.29995,42.0,152500,25.18582
2008-12-02,40.00005,44.7,40.00005,43.99995,79200,26.38511
2008-12-03,44.1,52.39995,43.54995,51.55005,482300,30.91263
2008-12-04,53.50005,57.40005,50.4,51.79995,385300,31.06248
2008-12-05,52.75005,54.85005,49.09995,50.20005,134400,30.10308
2008-12-08,52.24995,54.04995,51.25005,51.94995,115800,31.15243
2008-12-09,51.94995,51.94995,51.94995,51.94995,0,31.15243
2008-12-10,51.25005,52.24995,49.5,51.0,22500,30.58278
2008-12-11,51.04995,54.85005,48.70005,51.64995,249700,30.97253
2008-12-12,50.89995,51.94995,49.00005,49.60005,120900,29.74328
2008-12-15,50.85,53.50005,50.50005,50.95005,113700,30.55283
2008-12-16,50.89995,53.05005,50.50005,51.55005,52600,30.91263
2008-12-17,51.9,52.99995,44.55,45.85005,250600,27.49455
2008-12-18,46.8,51.9,46.8,50.55,273200,30.31293
2008-12-19,51.45,51.85005,47.89995,48.55005,86700,29.11364
2008-12-22,50.20005,51.75,48.75,49.5,57600,29.68329
2008-12-23,48.04995,50.4,46.00005,46.99995,37600,28.1841
2008-12-24,48.0,50.50005,46.09995,48.79995,311400,29.26349
2008-12-25,48.79995,48.79995,48.79995,48.79995,0,29.26349
2008-12-26,48.55005,50.05005,46.5,47.29995,50500,28.364
2008-12-29,47.95005,48.0,46.5,47.50005,30000,28.48399
2008-12-30,47.1,52.24995,47.1,51.25005,340600,30.73273
2008-12-31,54.79995,54.79995,50.50005,52.24995,193500,31.33233
2009-01-01,52.39995,53.29995,51.6,51.9,215100,31.12248
2009-01-02,53.50005,57.15,52.15005,53.65005,637500,32.17192
2009-01-05,54.64995,58.69995,54.04995,55.65,742700,33.37121
2009-01-06,55.65,57.19995,51.19995,52.00005,333700,31.18247
2009-01-07,53.59995,53.59995,44.7,46.75005,343500,28.03425
2009-01-08,46.75005,46.75005,46.75005,46.75005,0,28.03425
2009-01-09,46.99995,47.44995,42.3,46.05,284500,27.61445
2009-01-12,45.85005,47.59995,45.0,46.60005,136000,27.9443
2009-01-13,46.00005,47.05005,43.00005,43.69995,66900,26.20522
2009-01-14,44.44995,45.75,43.35,44.25,120900,26.53506
2009-01-15,42.79995,44.50005,42.0,43.39995,62300,26.02532
2009-01-16,43.24995,44.50005,43.09995,43.5,55500,26.08531
2009-01-19,43.5,46.69995,42.75,44.80005,148000,26.8649
2009-01-20,44.50005,46.00005,43.54995,44.55,92800,26.71496
2009-01-21,44.50005,45.49995,42.6,42.85005,34900,25.69556
2009-01-22,43.95,43.95,42.10005,42.64995,43300,25.57557
2009-01-23,42.3,43.05,40.75005,40.8,47200,24.46623
2009-01-26,40.8,40.8,40.8,40.8,0,24.46623
2009-01-27,41.55,42.49995,40.39995,41.05005,39300,24.61617
2009-01-28,41.80005,44.14995,40.2,41.05005,274800,24.61617
2009-01-29,41.50005,41.89995,39.0,39.6,89900,23.74663
2009-01-30,40.24995,40.65,39.55005,39.85005,36300,23.89658
2009-02-02,39.40005,40.00005,35.89995,36.64995,128000,21.9776
2009-02-03,37.99995,38.05005,36.3,37.00005,29600,22.18754
2009-02-04,37.5,38.4,37.05,37.45005,19000,22.45739
2009-02-05,38.65005,38.7,35.74995,36.04995,31100,21.6178
2009-02-06,36.49995,37.60005,36.0,36.40005,32800,21.82774
2009-02-09,36.70005,37.95,36.04995,37.60005,27000,22.54734
2009-02-10,36.19995,38.4,36.19995,37.54995,52800,22.51729
2009-02-11,37.95,42.40005,36.25005,40.65,791600,24.37628
2009-02-12,41.95005,43.5,39.0,39.40005,485200,23.62673
2009-02-13,40.24995,43.99995,40.00005,42.79995,383900,25.66552
2009-02-16,43.00005,43.90005,41.25,43.15005,249700,25.87546
2009-02-17,42.94995,44.1,41.7,43.45005,185400,26.05536
2009-02-18,43.99995,44.29995,42.79995,43.8,196700,26.26521
2009-02-19,43.8,45.45,43.8,44.89995,124100,26.92481
2009-02-20,43.95,44.7,41.50005,43.8,132900,26.26521
2009-02-23,43.8,43.8,43.8,43.8,0,26.26521
2009-02-24,43.00005,45.25005,42.49995,44.89995,108000,26.92481
2009-02-25,45.0,45.94995,44.65005,44.80005,62000,26.8649
2009-02-26,40.00005,45.19995,40.00005,45.0,41500,26.98481
2009-02-27,44.05005,45.0,44.05005,44.80005,98500,26.8649
2009-03-02,44.20005,44.74995,42.15,42.9,58500,25.72552
2009-03-03,43.00005,44.20005,41.80005,43.65,82500,26.17526
2009-03-04,43.99995,51.79995,43.15005,46.00005,832500,27.5845
2009-03-05,46.99995,46.99995,42.3,44.4,184400,26.62501
2009-03-06,43.99995,46.00005,42.3,43.65,93300,26.17526
2009-03-09,43.05,45.15,43.05,44.59995,64000,26.74491
2009-03-10,44.59995,44.59995,44.59995,44.59995,0,26.74491
2009-03-11,44.59995,44.59995,44.59995,44.59995,0,26.74491
2009-03-12,45.0,45.45,44.20005,44.20005,36000,26.50511
2009-03-13,44.55,45.0,43.5,43.75005,20600,26.23526
2009-03-16,43.99995,46.90005,43.99995,45.85005,68300,27.49455
2009-03-17,46.00005,47.50005,43.5,44.1,43500,26.44511
2009-03-18,45.0,45.55005,43.99995,44.59995,38300,26.74491
2009-03-19,45.49995,46.45005,44.29995,45.0,45900,26.98481
2009-03-20,45.94995,46.00005,44.55,45.0,122300,26.98481
2009-03-23,46.15005,48.0,46.00005,47.20005,77300,28.30409
2009-03-24,48.0,48.25005,45.04995,45.34995,52800,27.19466
2009-03-25,45.15,48.9,44.7,46.24995,110600,27.73435
2009-03-26,48.19995,48.19995,45.0,45.19995,29800,27.10471
2009-03-27,45.94995,46.99995,45.0,45.3,51500,27.16471
2009-03-30,44.35005,46.00005,43.65,44.05005,98800,26.41516
2009-03-31,44.44995,45.40005,44.05005,45.10005,44500,27.0448
2009-04-01,45.40005,49.60005,45.25005,49.09995,324700,29.44339
2009-04-02,52.00005,55.00005,48.3,49.15005,591500,29.47344
2009-04-03,49.15005,49.15005,49.15005,49.15005,0,29.47344
2009-04-06,50.59995,50.7,47.35005,49.60005,198700,29.74328
2009-04-07,49.60005,49.60005,49.60005,49.60005,0,29.74328
2009-04-08,48.3,52.39995,47.50005,50.74995,475300,30.43284
2009-04-09,50.20005,52.60005,49.65,51.70005,245700,31.00258
2009-04-10,51.70005,51.70005,51.70005,51.70005,0,31.00258
2009-04-13,52.99995,58.39995,52.24995,56.29995,428500,33.76096
2009-04-14,56.29995,56.29995,56.29995,56.29995,0,33.76096
2009-04-15,56.50005,62.14995,54.49995,58.24995,518900,34.93031
2009-04-16,58.99995,59.85,49.5,51.10005,201800,30.64278
2009-04-17,51.34995,53.89995,48.49995,49.2,156600,29.50339
2009-04-20,50.80005,51.9,48.40005,50.7,61300,30.40288
2009-04-21,49.99995,51.94995,49.8,50.1,61100,30.04309
2009-04-22,51.04995,51.9,48.04995,48.70005,51000,29.20359
2009-04-23,48.70005,49.30005,47.74995,48.6,37800,29.14359
2009-04-24,49.69995,52.90005,49.05,51.70005,159000,31.00258
2009-04-27,51.9,55.45005,51.04995,52.54995,238700,31.51223
2009-04-28,53.89995,53.89995,48.25005,49.2,135300,29.50339
2009-04-29,49.90005,50.89995,48.25005,49.00005,70500,29.38349
2009-04-30,49.00005,49.00005,49.00005,49.00005,0,29.38349
2009-05-01,49.00005,49.00005,49.00005,49.00005,0,29.38349
2009-05-04,50.1,54.9,48.64995,53.95005,740400,32.35182
2009-05-05,55.8,56.95005,54.0,54.49995,791700,32.68157
2009-05-06,55.45005,55.90005,51.0,51.64995,210900,30.97253
2009-05-07,52.95,54.25005,50.65005,51.55005,141200,30.91263
2009-05-08,51.55005,53.25,50.1,51.04995,101400,30.61273
2009-05-11,51.9,51.94995,47.55,48.6,90000,29.14359
2009-05-12,48.6,50.89995,48.25005,49.00005,111400,29.38349
2009-05-13,49.65,50.74995,47.65005,48.0,101100,28.78379
2009-05-14,47.89995,49.35,47.1,47.95005,68700,28.75384
2009-05-15,48.85005,49.65,47.55,48.15,66000,28.87374
2009-05-18,48.15,48.15,48.15,48.15,0,28.87374
2009-05-19,53.1,55.09995,50.25,52.39995,207100,31.42228
2009-05-20,52.65,57.9,52.60005,54.10005,454800,32.44176
2009-05-21,57.04995,64.90005,55.5,64.30005,1970800,38.55832
2009-05-22,67.95,77.14995,66.49995,77.14995,2591400,46.26392
2009-05-25,83.80005,84.85005,77.50005,78.49995,2015300,47.07347
2009-05-26,79.90005,81.70005,71.20005,72.79995,651900,43.65539
2009-05-27,75.9,80.05005,75.3,80.05005,562100,48.003
2009-05-28,85.99995,85.99995,78.15,79.8,723900,47.85306
2009-05-29,81.0,84.79995,78.49995,83.89995,706400,50.31164
2009-06-01,86.80005,90.6,86.1,86.80005,993800,52.05072
2009-06-02,87.40005,87.40005,81.0,84.79995,282900,50.85134
2009-06-03,85.00005,86.4,82.5,83.14995,251100,49.8619
2009-06-04,82.95,91.45005,81.75,91.45005,498100,54.83916
2009-06-05,96.70005,96.70005,86.50005,87.64995,812900,52.56038
2009-06-08,89.59995,91.00005,80.50005,82.05,332000,49.2023
2009-06-09,83.1,84.45,78.10005,82.95,301200,49.74199
2009-06-10,85.5,91.2,80.20005,89.29995,601300,53.54982
2009-06-11,90.19995,95.59995,87.6,88.54995,1072700,53.10007
2009-06-12,91.05,91.05,82.5,83.14995,285500,49.8619
2009-06-15,82.00005,85.69995,79.99995,80.55,152700,48.30281
2009-06-16,78.0,86.29995,77.1,84.75,406800,50.82139
2009-06-17,85.00005,85.90005,76.65,77.65005,276800,46.56381
2009-06-18,79.00005,79.90005,72.25005,74.1,192900,44.43498
2009-06-19,75.85005,76.99995,72.49995,75.94995,128900,45.54433
2009-06-22,77.7,79.2,75.19995,75.85005,126400,45.48442
2009-06-23,74.80005,78.9,72.49995,77.20005,148400,46.29397
2009-06-24,77.20005,80.50005,75.3,78.19995,186900,46.89357
2009-06-25,80.59995,84.19995,78.04995,79.00005,279100,47.37336
2009-06-26,80.25,82.90005,79.00005,81.55005,109300,48.9025
2009-06-29,80.89995,84.40005,80.20005,82.05,187800,49.2023
2009-06-30,82.95,82.95,76.8,77.59995,117200,46.53377
2009-07-01,76.00005,79.2,76.00005,78.15,96100,46.86361
2009-07-02,78.6,81.10005,77.55,78.75,187800,47.22341
2009-07-03,77.4,81.3,77.4,78.79995,132000,47.25336
2009-07-06,80.89995,80.89995,70.95,70.95,138600,42.54605
2009-07-07,71.7,74.59995,65.29995,72.10005,248200,43.23569
2009-07-08,72.70005,74.89995,71.05005,72.40005,473000,43.41559
2009-07-09,75.9,78.3,73.09995,74.20005,933700,44.49498
2009-07-10,74.95005,75.3,66.34995,68.20005,158600,40.89701
2009-07-13,65.50005,67.00005,62.50005,63.55005,177500,38.10857
2009-07-14,65.80005,66.49995,64.69995,65.85,110900,39.48777
2009-07-15,68.50005,76.99995,66.3,76.09995,2013300,45.63428
2009-07-16,79.00005,79.84995,69.79995,70.24995,1865500,42.12625
2009-07-17,71.85,74.4,71.1,72.34995,1025700,43.38554
2009-07-20,74.50005,74.50005,69.79995,70.95,460400,42.54605
2009-07-21,71.89995,72.85005,70.5,71.20005,484000,42.69599
2009-07-22,72.0,75.49995,71.85,72.49995,1136600,43.93833
2009-07-23,73.99995,74.35005,72.34995,73.00005,398300,44.24141
2009-07-24,73.95,74.50005,71.4,72.25005,600200,43.78688
2009-07-27,74.1,74.50005,72.25005,73.00005,479600,44.24141
2009-07-28,73.84995,77.20005,73.2,74.89995,1147200,45.39284
2009-07-29,74.05005,75.85005,69.75,71.65005,643100,43.42325
2009-07-30,72.49995,72.9,71.1,71.50005,245800,43.33234
2009-07-31,73.8,75.9,72.6,73.35,695500,44.4535
2009-08-03,73.60005,73.60005,71.35005,72.15,324900,43.72624
2009-08-04,72.49995,76.39995,71.85,73.95,1071400,44.81712
2009-08-05,73.99995,75.25005,72.3,73.24995,290500,44.39286
2009-08-06,74.80005,76.99995,71.35005,71.89995,946500,43.5747
2009-08-07,72.85005,73.24995,67.75005,68.25,429000,41.36266
2009-08-10,69.75,70.39995,64.24995,65.25,429600,39.54452
2009-08-11,66.34995,67.39995,64.99995,65.85,223000,39.90815
2009-08-12,64.99995,67.99995,64.54995,66.49995,367900,40.30205
2009-08-13,68.25,70.39995,67.5,69.25005,378400,41.96874
2009-08-14,69.9,71.20005,68.1,68.4,246000,41.45357
2009-08-17,67.99995,67.99995,64.15005,64.84995,112600,39.30207
2009-08-18,65.7,66.45,64.75005,65.95005,140400,39.96879
2009-08-19,66.64995,67.69995,64.99995,65.44995,146100,39.6657
2009-08-20,66.3,67.00005,65.50005,65.89995,103900,39.93842
2009-08-21,67.35,77.85,66.70005,76.5,3163900,46.36254
2009-08-24,77.89995,79.5,75.19995,75.85005,2267600,45.96864
2009-08-25,76.00005,78.9,75.70005,77.20005,1307500,46.78681
2009-08-26,78.34995,82.24995,77.20005,79.00005,2827700,47.87769
2009-08-27,79.30005,81.0,78.49995,79.00005,933500,47.87769
2009-08-28,80.4,86.4,79.84995,83.29995,4090200,50.48363
2009-08-31,82.84995,82.84995,80.35005,81.0,928900,49.08975
2009-09-01,82.99995,82.99995,75.10005,77.25,823000,46.81708
2009-09-02,75.3,77.50005,74.20005,74.59995,699300,45.21102
2009-09-03,76.00005,76.65,73.69995,74.25,548500,44.99894
2009-09-04,76.39995,89.1,76.00005,88.69995,10405300,53.75628
2009-09-07,90.0,92.85,88.35,90.70005,6943500,54.96843
2009-09-08,91.99995,91.99995,86.29995,86.95005,1553300,52.69576
2009-09-09,87.0,93.79995,86.44995,92.1,4597700,55.81687
2009-09-10,94.75005,94.75005,88.5,89.29995,1823700,54.1199
2009-09-11,90.10005,90.55005,86.59995,87.55005,793100,53.05938
2009-09-14,87.55005,87.75,84.85005,85.90005,523000,52.05941
2009-09-15,87.0,88.60005,85.60005,86.55,502300,52.45331
2009-09-16,88.00005,92.29995,85.99995,88.99995,1976800,53.93809
2009-09-17,90.0,90.3,87.3,87.70005,796200,53.15029
2009-09-18,87.9,88.35,86.50005,86.89995,462700,52.66539
2009-09-21,86.89995,86.89995,86.89995,86.89995,0,52.66539
2009-09-22,87.0,87.85005,85.15005,86.35005,391800,52.33213
2009-09-23,87.34995,92.4,84.79995,88.24995,3095100,53.48356
2009-09-24,86.55,91.65,86.25,88.90005,1384200,53.87755
2009-09-25,88.39995,90.0,87.0,87.64995,759700,53.11993
2009-09-28,87.64995,87.64995,87.64995,87.64995,0,53.11993
2009-09-29,89.7,91.5,88.00005,88.39995,1103300,53.57446
2009-09-30,88.8,91.00005,88.00005,88.54995,984900,53.66537
2009-10-01,88.8,89.65005,86.1,86.80005,634600,52.60485
2009-10-02,86.80005,86.80005,86.80005,86.80005,0,52.60485
2009-10-05,86.20005,87.64995,83.50005,84.3,348600,51.08971
2009-10-06,85.90005,85.90005,82.60005,83.85,452500,50.81699
2009-10-07,85.35,85.45005,82.05,82.95,337000,50.27154
2009-10-08,83.89995,83.89995,81.25005,81.75,347800,49.54429
2009-10-09,82.15005,82.99995,79.65,80.25,404500,48.63522
2009-10-12,81.0,85.8,79.5,81.9,1943400,49.63519
2009-10-13,81.9,81.9,81.9,81.9,0,49.63519
2009-10-14,81.04995,81.79995,76.99995,77.59995,844200,47.02916
2009-10-15,73.69995,83.74995,73.69995,82.45005,2015200,49.96855
2009-10-16,83.4,83.7,80.14995,80.55,1163900,48.81703
2009-10-19,80.55,80.55,80.55,80.55,0,48.81703
2009-10-20,81.0,81.9,79.39995,80.05005,331400,48.51404
2009-10-21,80.50005,80.50005,78.25005,78.64995,246300,47.66551
2009-10-22,78.0,79.09995,75.0,75.70005,346000,45.87774
2009-10-23,77.65005,78.49995,75.0,75.34995,350200,45.66556
2009-10-26,76.15005,76.15005,72.3,72.94995,295700,44.21105
2009-10-27,72.15,72.70005,68.05005,68.7,301500,41.63538
2009-10-28,68.59995,70.99995,66.19995,68.50005,365600,41.5142
2009-10-29,66.94995,68.50005,66.0,66.70005,280300,40.42332
2009-10-30,68.50005,69.85005,64.65,65.35005,292900,39.60516
2009-11-02,65.35005,65.35005,65.35005,65.35005,0,39.60516
2009-11-03,66.70005,66.70005,60.0,60.9,238100,36.90822
2009-11-04,61.90005,63.49995,60.6,62.80005,181200,38.05974
2009-11-05,63.45,66.0,61.75005,65.14995,299100,39.48389
2009-11-06,66.85005,69.19995,65.85,67.75005,319900,41.05967
2009-11-09,68.55,69.40005,67.05,68.35005,218900,41.4233
2009-11-10,69.49995,70.30005,67.15005,67.5,178200,40.90813
2009-11-11,68.20005,69.40005,66.70005,68.65005,204800,41.60511
2009-11-12,69.0,73.2,67.99995,70.69995,789900,42.84745
2009-11-13,70.09995,71.95005,69.40005,69.85005,229400,42.33237
2009-11-16,70.60005,71.80005,70.00005,70.35,160000,42.63536
2009-11-17,70.99995,72.19995,70.00005,70.5,190800,42.72627
2009-11-18,70.99995,72.49995,70.00005,70.30005,232800,42.60509
2009-11-19,70.45005,74.85,70.45005,71.4,746200,43.27171
2009-11-20,70.00005,73.24995,70.00005,71.4,323000,43.27171
2009-11-23,72.0,73.00005,70.00005,70.65,241000,42.81717
2009-11-24,71.44995,71.85,69.9,70.2,160100,42.54445
2009-11-25,70.90005,71.59995,68.20005,68.59995,179700,41.57475
2009-11-26,69.0,69.49995,67.09995,67.60005,111400,40.96876
2009-11-27,66.49995,67.5,62.74995,64.69995,422100,39.21117
2009-11-30,65.20005,67.09995,65.20005,66.19995,185200,40.12024
2009-12-01,67.00005,67.99995,65.74995,67.65,218600,40.99903
2009-12-02,68.80005,69.0,67.00005,67.30005,221000,40.78695
2009-12-03,67.99995,70.69995,64.24995,68.55,312200,41.54448
2009-12-04,67.2,68.89995,66.6,67.39995,232000,40.84749
2009-12-07,67.54995,72.25005,67.5,70.39995,820600,42.66563
2009-12-08,71.65005,71.80005,70.15005,70.8,347700,42.90808
2009-12-09,70.5,71.95005,69.64995,70.35,250300,42.63536
2009-12-10,70.09995,72.40005,70.09995,71.29995,431000,43.21107
2009-12-11,72.0,72.40005,68.89995,69.25005,229100,41.96874
2009-12-14,69.64995,70.00005,67.60005,67.95,156400,41.18085
2009-12-15,68.7,68.95005,65.89995,66.19995,134200,40.12024
2009-12-16,66.94995,68.20005,65.80005,66.64995,136400,40.39296
2009-12-17,66.94995,67.69995,66.04995,66.70005,84300,40.42332
2009-12-18,66.85005,67.69995,65.4,65.65005,139700,39.78697
2009-12-21,66.40005,66.75,65.1,65.65005,96100,39.78697
2009-12-22,66.10005,66.6,65.50005,65.89995,71900,39.93842
2009-12-23,66.79995,67.90005,66.10005,67.24995,116900,40.75659
2009-12-24,67.8,67.99995,67.5,67.5,2000,40.90813
2009-12-25,68.59995,68.59995,68.59995,68.59995,0,41.57475
2009-12-28,68.59995,68.59995,68.59995,68.59995,0,41.57475
2009-12-29,69.34995,69.9,68.65005,68.95005,145300,41.78693
2009-12-30,70.09995,72.19995,69.75,70.99995,504400,43.02926
2009-12-31,73.90005,73.90005,70.69995,70.99995,342900,43.02926
2010-01-01,70.99995,70.99995,70.99995,70.99995,0,43.02926
2010-01-04,71.20005,71.80005,70.60005,71.1,167000,43.08989
2010-01-05,71.89995,73.39995,71.50005,72.85005,405700,44.1505
2010-01-06,73.8,76.30005,73.5,74.85,1280700,45.36257
2010-01-07,75.45,75.45,72.15,72.45,326900,43.90806
2010-01-08,77.44995,79.00005,71.29995,71.80005,229000,43.51416
2010-01-11,72.70005,74.4,72.10005,73.35,418400,44.4535
2010-01-12,73.60005,74.1,70.09995,71.05005,241000,43.05962
2010-01-13,70.05,72.49995,70.00005,71.7,174900,43.45352
2010-01-14,72.49995,79.00005,72.3,78.40005,1795200,47.51406
2010-01-15,79.00005,79.2,74.44995,75.10005,864800,45.51411
2010-01-18,75.25005,76.60005,74.25,74.89995,242900,45.39284
2010-01-19,75.70005,79.84995,74.59995,77.35005,1102900,46.87771
2010-01-20,78.19995,87.6,77.65005,83.50005,4986900,50.6049
2010-01-21,84.40005,84.40005,78.0,78.55005,1385000,47.60497
2010-01-22,76.15005,82.84995,73.35,81.6,1204300,49.45338
2010-01-25,80.50005,84.79995,80.14995,80.85,632900,48.99885
2010-01-26,80.85,80.85,80.85,80.85,0,48.99885
2010-01-27,80.85,83.20005,74.25,74.89995,894200,45.39284
2010-01-28,76.39995,78.75,74.35005,75.19995,407300,45.57465
2010-01-29,74.1,75.79995,72.64995,75.04995,445600,45.48374
2010-02-01,76.90005,78.3,74.7,75.94995,393000,46.02919
2010-02-02,76.90005,78.25005,73.65,74.4,338600,45.08984
2010-02-03,75.94995,82.39995,75.94995,79.15005,2073100,47.9686
2010-02-04,79.5,79.5,74.55,75.10005,376300,45.51411
2010-02-05,72.25005,73.45005,70.15005,72.75,303400,44.08987
2010-02-08,74.50005,76.5,73.8,74.55,264300,45.18075
2010-02-09,75.0,77.20005,73.54995,75.19995,229700,45.57465
2010-02-10,76.00005,77.7,73.90005,74.44995,359000,45.12012
2010-02-11,75.40005,76.5,74.4,74.85,153500,45.36257
2010-02-12,74.85,74.85,74.85,74.85,0,45.36257
2010-02-15,76.00005,76.69995,74.25,74.59995,158000,45.21102
2010-02-16,75.49995,75.49995,72.75,73.39995,142500,44.48377
2010-02-17,74.50005,74.74995,73.30005,73.65,112900,44.63531
2010-02-18,72.85005,78.75,72.85005,77.29995,1589200,46.84735
2010-02-19,76.69995,78.40005,74.4,74.89995,515500,45.39284
2010-02-22,75.55005,76.60005,73.15005,73.39995,194900,44.48377
2010-02-23,73.5,75.40005,72.70005,73.09995,180400,44.30195
2010-02-24,72.0,74.50005,72.0,72.49995,202400,43.93833
2010-02-25,73.99995,74.74995,72.94995,73.24995,345900,44.39286
2010-02-26,73.99995,74.80005,71.65005,72.19995,363400,43.75651
2010-03-01,72.19995,72.19995,72.19995,72.19995,0,43.75651
2010-03-02,73.5,73.5,71.85,72.49995,177800,43.93833
2010-03-03,73.90005,73.90005,72.75,73.2,133500,44.36259
2010-03-04,73.5,73.90005,72.40005,73.00005,165700,44.24141
2010-03-05,73.5,76.35,73.5,74.35005,461300,45.05957
2010-03-08,75.0,75.75,73.45005,73.90005,163900,44.78685
2010-03-09,74.80005,74.80005,72.34995,72.64995,140700,44.02923
2010-03-10,71.14995,73.5,71.14995,71.89995,140700,43.5747
2010-03-11,72.0,72.40005,70.35,70.75005,105800,42.87781
2010-03-12,70.99995,71.50005,69.45,69.75,197200,42.27173
2010-03-15,69.94995,70.09995,67.75005,68.80005,86000,41.69602
2010-03-16,69.19995,70.95,67.99995,69.79995,164500,42.302
2010-03-17,70.65,70.84995,68.55,68.80005,109300,41.69602
2010-03-18,69.49995,69.79995,68.50005,68.74995,70800,41.66566
2010-03-19,69.79995,69.79995,68.35005,68.95005,88400,41.78693
2010-03-22,69.49995,72.49995,68.20005,70.15005,450400,42.51418
2010-03-23,71.85,72.79995,69.0,71.74995,281900,43.48379
2010-03-24,71.74995,71.74995,71.74995,71.74995,0,43.48379
2010-03-25,73.2,73.24995,70.30005,70.75005,297900,42.87781
2010-03-26,71.59995,71.59995,69.0,69.64995,154500,42.2111
2010-03-29,70.00005,70.15005,66.6,67.05,239800,40.63541
2010-03-30,68.1,68.44995,66.0,66.55005,125000,40.33241
2010-03-31,66.94995,67.8,66.40005,67.00005,55200,40.60513
2010-04-01,67.39995,69.34995,66.79995,67.90005,121300,41.15058
2010-04-02,67.90005,67.90005,67.90005,67.90005,0,41.15058
2010-04-05,68.35005,70.60005,68.29995,69.79995,307800,42.302
2010-04-06,70.00005,70.75005,68.74995,69.64995,175200,42.2111
2010-04-07,69.49995,72.40005,68.65005,70.2,528500,42.54445
2010-04-08,69.70005,71.59995,68.29995,68.50005,237500,41.5142
2010-04-09,69.19995,70.5,68.55,68.7,276500,41.63538
2010-04-12,69.6,69.70005,67.00005,67.54995,152600,40.9384
2010-04-13,67.00005,69.40005,67.00005,67.84995,237400,41.12021
2010-04-14,67.84995,67.84995,67.84995,67.84995,0,41.12021
2010-04-15,68.59995,68.89995,67.05,67.30005,133300,40.78695
2010-04-16,66.04995,67.99995,66.0,66.70005,163800,40.42332
2010-04-19,65.89995,65.95005,64.24995,64.99995,145100,39.39298
2010-04-20,65.59995,67.35,65.20005,65.7,119900,39.81724
2010-04-21,66.25005,67.90005,65.89995,66.40005,194700,40.24151
2010-04-22,66.49995,67.30005,65.44995,65.74995,257900,39.84752
2010-04-23,66.25005,66.64995,64.35,64.69995,164300,39.21117
2010-04-26,65.7,66.25005,64.75005,64.95,130500,39.36271
2010-04-27,66.0,67.30005,65.7,66.25005,304700,40.1506
2010-04-28,65.50005,65.59995,63.9,64.05,140500,38.81727
2010-04-29,65.4,65.4,64.60005,64.8,74500,39.2718
2010-04-30,65.95005,66.40005,63.9,64.45005,250700,39.05972
2010-05-03,63.9,64.8,63.40005,63.70005,99500,38.60518
2010-05-04,64.39995,64.54995,61.99995,62.14995,70000,37.66575
2010-05-05,61.00005,61.5,59.59995,60.6,146800,36.72641
2010-05-06,60.85005,62.74995,60.19995,62.20005,142400,37.69611
2010-05-07,61.00005,61.5,59.59995,59.95005,107600,36.33251
2010-05-10,61.15005,61.45005,60.19995,60.9,60500,36.90822
2010-05-11,60.9,62.59995,60.79995,60.9,86500,36.90822
2010-05-12,61.45005,61.75005,60.40005,60.75,53200,36.81731
2010-05-13,61.5,61.75005,60.6,61.00005,58400,36.96885
2010-05-14,60.6,61.15005,58.8,59.1,56200,35.81734
2010-05-17,58.99995,58.99995,55.99995,56.55,203100,34.27192
2010-05-18,58.2,62.29995,58.00005,60.75,578400,36.81731
2010-05-19,60.0,60.64995,57.6,58.05,136200,35.18099
2010-05-20,59.25,59.35005,57.75,58.54995,66300,35.48398
2010-05-21,57.04995,57.25005,56.25,56.55,87700,34.27192
2010-05-24,58.2,59.85,57.25005,58.15005,79600,35.24162
2010-05-25,57.75,58.00005,55.99995,56.1,60100,33.9992
2010-05-26,56.59995,57.19995,55.54995,55.84995,70400,33.84766
2010-05-27,56.05005,58.24995,55.75005,56.44995,93900,34.21129
2010-05-28,57.75,59.50005,57.0,57.64995,94500,34.93854
2010-05-31,58.00005,58.5,57.10005,57.3,36900,34.72645
2010-06-01,57.10005,58.65,56.29995,56.55,61800,34.27192
2010-06-02,57.49995,58.00005,56.05005,56.65005,48800,34.33255
2010-06-03,57.9,58.15005,57.40005,57.6,38200,34.90827
2010-06-04,57.6,57.85005,57.10005,57.3,45900,34.72645
2010-06-07,55.15005,56.89995,54.6,56.14995,27000,34.02947
2010-06-08,55.99995,57.19995,55.75005,55.90005,34500,33.87802
2010-06-09,56.80005,57.10005,55.90005,56.14995,34700,34.02947
2010-06-10,56.50005,56.74995,55.75005,56.14995,30700,34.02947
2010-06-11,56.65005,57.34995,56.1,56.29995,39100,34.12038
2010-06-14,57.85005,59.59995,56.29995,58.5,219600,35.45371
2010-06-15,58.39995,59.59995,57.70005,58.84995,67100,35.66579
2010-06-16,59.1,61.95,59.1,60.55005,193900,36.69613
2010-06-17,61.00005,61.75005,60.0,60.45,66400,36.6355
2010-06-18,60.49995,61.00005,58.30005,58.75005,44700,35.60525
2010-06-21,60.0,60.70005,59.65005,60.49995,60400,36.66577
2010-06-22,59.4,60.49995,58.90005,59.1,28700,35.81734
2010-06-23,58.99995,61.5,58.99995,61.00005,130900,36.96885
2010-06-24,61.00005,61.95,60.15,60.34995,61200,36.57486
2010-06-25,60.25005,64.00005,59.80005,61.5,298000,37.27185
2010-06-28,62.29995,63.75,61.90005,62.29995,189900,37.75665
2010-06-29,62.50005,62.65005,60.55005,60.75,92400,36.81731
2010-06-30,60.94995,67.8,60.9,66.79995,961100,40.48386
2010-07-01,67.09995,70.69995,65.65005,69.15,2164200,41.9081
2010-07-02,70.5,71.14995,69.10005,69.49995,983900,42.12019
2010-07-05,69.70005,73.39995,67.05,71.80005,692800,43.51416
2010-07-06,73.99995,73.99995,70.60005,73.00005,808900,44.24141
2010-07-07,73.5,74.35005,71.20005,71.80005,883200,43.51416
2010-07-08,73.00005,75.70005,72.04995,74.85,1790500,45.36257
2010-07-09,75.70005,75.70005,73.00005,73.24995,459400,44.39286
2010-07-12,73.5,74.1,70.5,70.95,429100,42.99899
2010-07-13,71.80005,72.49995,70.2,71.50005,322400,43.33234
2010-07-14,71.95005,72.3,68.29995,68.89995,235200,41.75656
2010-07-15,69.3,70.8,68.50005,69.15,284300,41.9081
2010-07-16,69.25005,69.64995,67.8,68.1,184100,41.27176
2010-07-19,68.29995,69.25005,67.69995,68.1,212000,41.27176
2010-07-20,68.74995,68.80005,67.05,67.15005,108700,40.69604
2010-07-21,67.60005,68.55,66.79995,67.15005,66600,40.69604
2010-07-22,67.65,69.0,67.09995,67.99995,193700,41.21112
2010-07-23,68.59995,68.59995,66.55005,66.85005,94700,40.51423
2010-07-26,67.30005,67.5,65.74995,65.89995,62700,39.93842
2010-07-27,66.55005,66.55005,65.29995,65.55,53300,39.72634
2010-07-28,66.25005,66.70005,63.64995,63.9,349300,38.72636
2010-07-29,63.34995,65.05005,62.50005,63.94995,157100,38.75663
2010-07-30,64.2,66.25005,63.64995,64.00005,165500,38.78699
2010-08-02,65.14995,65.14995,63.0,63.55005,70200,38.51427
2010-08-03,63.94995,66.79995,63.55005,65.14995,182200,39.48389
2010-08-04,64.99995,65.35005,63.49995,64.00005,62300,38.78699
2010-08-05,64.00005,64.90005,62.89995,63.19995,109200,38.3021
2010-08-06,63.94995,64.5,63.04995,63.34995,80200,38.393
2010-08-09,64.00005,64.54995,63.19995,63.34995,82100,38.393
2010-08-10,64.00005,64.39995,62.4,63.0,59400,38.18092
2010-08-11,63.45,63.79995,61.60005,61.95,76500,37.54457
2010-08-12,61.54995,62.7,61.39995,61.65,60500,37.36275
2010-08-13,61.99995,67.00005,61.99995,64.69995,655100,39.21117
2010-08-16,64.8,65.65005,62.59995,63.04995,733500,38.21119
2010-08-17,63.40005,64.35,61.65,62.25,118700,37.72638
2010-08-18,62.50005,64.99995,62.50005,63.45,174400,38.45364
2010-08-19,63.85005,65.25,63.70005,64.2,153300,38.90817
2010-08-20,63.85005,66.0,63.19995,63.64995,210200,38.57482
2010-08-23,63.85005,64.60005,63.19995,63.55005,98200,38.51427
2010-08-24,63.10005,67.5,63.10005,66.34995,558100,40.21114
2010-08-25,66.34995,68.59995,65.89995,66.94995,349000,40.57477
2010-08-26,67.90005,67.90005,65.20005,66.9,131000,40.5445
2010-08-27,67.5,67.99995,63.19995,63.85005,159700,38.69609
2010-08-30,64.5,66.94995,62.85,63.25005,114100,38.33246
2010-08-31,63.49995,63.49995,61.90005,62.35005,73400,37.78702
2010-09-01,63.79995,63.79995,61.5,62.20005,80300,37.69611
2010-09-02,62.89995,64.00005,62.55,62.74995,65600,38.02938
2010-09-03,63.0,64.15005,62.50005,62.74995,84700,38.02938
2010-09-06,63.34995,63.70005,62.65005,62.80005,70900,38.05974
2010-09-07,63.10005,66.70005,62.89995,64.5,284900,39.08999
2010-09-08,64.99995,66.25005,64.5,65.74995,241700,39.84752
2010-09-09,66.10005,66.25005,64.09995,64.5,116500,39.08999
2010-09-10,64.5,64.5,64.5,64.5,0,39.08999
2010-09-13,65.20005,66.3,64.5,65.29995,126500,39.57479
2010-09-14,64.75005,65.85,64.5,64.75005,79900,39.24153
2010-09-15,64.00005,65.44995,64.00005,64.2,43200,38.90817
2010-09-16,64.54995,64.60005,63.3,63.79995,70500,38.66572
2010-09-17,64.90005,67.60005,63.79995,65.29995,1533900,39.57479
2010-09-20,65.85,65.95005,64.5,64.8,144100,39.2718
2010-09-21,64.8,65.44995,63.3,63.94995,102000,39.21046
2010-09-22,63.70005,64.75005,62.29995,62.7,82700,38.44406
2010-09-23,63.49995,63.9,62.50005,62.65005,56100,38.41343
2010-09-24,63.19995,64.5,63.04995,63.49995,83500,38.93454
2010-09-27,64.75005,65.50005,63.6,63.75,121500,39.08786
2010-09-28,64.99995,64.99995,62.85,63.10005,56900,38.68934
2010-09-29,63.85005,63.85005,62.4,62.50005,35700,38.32146
2010-09-30,63.3,67.45005,61.99995,64.2,236400,39.36377
2010-10-01,64.99995,65.80005,63.40005,63.49995,168000,38.93454
2010-10-04,64.30005,64.75005,63.25005,63.55005,61200,38.96526
2010-10-05,64.95,65.89995,63.3,64.05,289400,39.2718
2010-10-06,64.84995,64.99995,63.75,63.9,93300,39.17983
2010-10-07,64.2,66.25005,64.00005,64.39995,217400,39.48637
2010-10-08,64.8,64.8,63.10005,63.3,52000,38.81194
2010-10-11,64.00005,64.30005,63.04995,63.40005,43600,38.87329
2010-10-12,64.00005,64.00005,62.80005,63.0,46600,38.628
2010-10-13,63.0,64.15005,62.85,63.10005,49700,38.68934
2010-10-14,63.9,65.50005,63.0,64.2,239100,39.36377
2010-10-15,64.69995,65.50005,62.85,63.0,106200,38.628
2010-10-18,63.0,63.64995,61.99995,62.85,60600,38.53603
2010-10-19,63.85005,63.85005,62.14995,62.35005,52200,38.22949
2010-10-20,62.35005,62.89995,61.75005,61.90005,42400,37.95357
2010-10-21,62.05005,62.55,61.69995,61.95,30400,37.9842
2010-10-22,64.84995,64.84995,62.1,62.44995,150100,38.29074
2010-10-25,63.0,64.8,62.44995,62.80005,117500,38.5054
2010-10-26,63.40005,65.50005,63.34995,64.69995,287500,39.67031
2010-10-27,64.60005,67.90005,63.75,65.85,1589300,40.37546
2010-10-28,67.00005,67.8,64.8,65.59995,541700,40.22214
2010-10-29,65.74995,69.19995,64.99995,67.95,966600,41.66306
2010-11-01,68.25,70.90005,67.99995,70.05,357500,42.95066
2010-11-02,73.09995,73.5,70.00005,71.4,1641400,43.7784
2010-11-03,72.0,72.40005,66.75,67.5,442600,41.38714
2010-11-04,67.99995,69.3,65.89995,67.90005,350200,41.63243
2010-11-05,68.50005,70.2,68.44995,69.6,112500,42.67474
2010-11-08,70.8,71.35005,68.29995,69.79995,254800,42.79734
2010-11-09,70.8,71.20005,69.49995,70.65,240400,43.31854
2010-11-10,70.90005,78.0,70.90005,73.75005,4557000,45.21931
2010-11-11,74.65005,74.80005,70.84995,71.4,436300,43.7784
2010-11-12,71.20005,71.44995,67.24995,67.99995,283800,41.69368
2010-11-15,67.24995,68.1,67.00005,67.5,111200,41.38714
2010-11-16,67.09995,67.54995,63.70005,64.05,173000,39.2718
2010-11-17,64.05,64.05,64.05,64.05,0,39.2718
2010-11-18,64.05,64.30005,61.69995,62.89995,159700,38.56665
2010-11-19,63.04995,63.49995,60.19995,60.85005,122100,37.30977
2010-11-22,62.1,62.44995,61.05,61.84995,82000,37.92285
2010-11-23,61.2,62.1,58.5,60.10005,108500,36.84992
2010-11-24,60.70005,61.30005,59.4,59.95005,47600,36.75795
2010-11-25,60.40005,60.9,57.55005,57.9,84500,35.50097
2010-11-26,58.15005,58.99995,52.00005,55.2,192800,33.84548
2010-11-29,55.90005,57.0,55.2,56.80005,59700,34.82654
2010-11-30,56.80005,61.30005,55.60005,60.0,172100,36.78857
2010-12-01,60.0,63.0,59.29995,61.2,86400,37.52434
2010-12-02,62.4,63.10005,61.2,61.5,61200,37.70829
2010-12-03,61.69995,61.99995,58.99995,59.44995,49500,36.45131
2010-12-06,60.0,61.24995,58.60005,58.84995,51000,36.08343
2010-12-07,58.84995,59.20005,57.40005,58.2,30400,35.68491
2010-12-08,58.09995,58.65,57.0,57.25005,56600,35.10246
2010-12-09,58.69995,58.69995,52.69995,53.74995,87800,32.9564
2010-12-10,54.04995,59.7,52.99995,57.94995,196500,35.5316
2010-12-13,58.00005,61.39995,55.99995,60.85005,157300,37.30977
2010-12-14,61.24995,62.35005,60.25005,61.99995,64800,38.01483
2010-12-15,60.40005,62.74995,60.04995,61.99995,108400,38.01483
2010-12-16,61.99995,62.55,61.00005,61.5,38700,37.70829
2010-12-17,61.5,61.5,61.5,61.5,0,37.70829
2010-12-20,63.6,63.9,61.5,63.15,54200,38.71997
2010-12-21,64.09995,65.25,62.89995,64.90005,248900,39.793
2010-12-22,65.89995,66.19995,64.65,64.95,70800,39.82363
2010-12-23,65.1,65.80005,64.2,64.90005,102600,39.793
2010-12-24,64.2,65.29995,64.2,64.90005,37500,39.793
2010-12-27,66.19995,66.9,65.74995,66.45,81000,40.74334
2010-12-28,67.2,67.99995,65.50005,66.34995,115800,40.682
2010-12-29,66.6,66.64995,64.24995,64.90005,78400,39.793
2010-12-30,45.0,46.9,45.0,45.85,161300,42.1689
2010-12-31,45.9,47.0,45.45,45.65,78500,41.98496
2011-01-03,46.25,49.8,45.1,48.95,318700,45.02001
2011-01-04,49.4,49.5,48.0,48.45,72900,44.56016
2011-01-05,48.65,49.1,47.6,48.5,68700,44.60614
2011-01-06,48.5,49.05,47.1,47.6,38100,43.7784
2011-01-07,47.65,47.65,45.5,45.9,55100,42.21489
2011-01-10,46.2,46.2,42.5,42.85,63300,39.40976
2011-01-11,43.75,45.05,43.0,43.15,82500,39.68567
2011-01-12,43.7,44.0,43.0,43.55,37700,40.05356
2011-01-13,43.55,43.9,43.0,43.2,40600,39.73166
2011-01-14,44.0,44.0,42.35,42.8,37200,39.36377
2011-01-17,41.75,42.65,40.05,40.25,44500,37.0185
2011-01-18,40.7,41.15,38.75,39.15,47900,36.00682
2011-01-19,37.0,40.2,37.0,39.75,54300,36.55864
2011-01-20,39.8,40.45,39.6,40.0,57200,36.78857
2011-01-21,40.5,43.35,40.35,42.35,49000,38.9499
2011-01-24,43.7,46.65,43.6,44.65,155800,41.06524
2011-01-25,45.45,45.85,43.6,44.4,56800,40.83532
2011-01-26,44.4,44.4,44.4,44.4,0,40.83532
2011-01-27,45.0,45.5,43.75,44.05,158400,40.51341
2011-01-28,44.0,44.0,41.0,41.95,100800,38.58201
2011-01-31,42.5,46.85,40.25,46.1,409200,42.39883
2011-02-01,46.25,46.9,41.8,42.3,176100,38.90391
2011-02-02,42.95,50.7,42.95,47.45,1083000,43.64044
2011-02-03,47.5,47.65,45.4,46.4,132700,42.67474
2011-02-04,45.8,46.5,44.5,44.7,46600,41.11123
2011-02-07,46.35,47.5,43.5,45.1,205300,41.47911
2011-02-08,45.5,46.0,42.15,42.5,54900,39.08786
2011-02-09,42.15,42.55,39.6,40.5,51800,37.24843
2011-02-10,41.0,41.45,39.6,40.0,66600,36.78857
2011-02-11,39.6,41.85,39.6,41.5,40200,38.16814
2011-02-14,43.8,44.0,40.65,42.25,40200,38.85793
2011-02-15,42.5,43.3,41.65,42.7,37900,39.2718
2011-02-16,42.5,42.65,41.65,42.05,20700,38.67398
2011-02-17,42.5,43.5,42.0,42.45,43500,39.04187
2011-02-18,42.55,43.15,40.5,41.15,30800,37.84624
2011-02-21,40.75,43.0,40.75,41.75,57200,38.39807
2011-02-22,42.25,42.9,41.4,41.85,23000,38.49004
2011-02-23,42.5,42.5,40.25,40.55,19500,37.29441
2011-02-24,40.6,41.1,39.8,40.2,26400,36.97251
2011-02-25,40.5,40.5,38.8,39.2,18900,36.0528
2011-02-28,40.35,40.4,39.05,39.25,32500,36.09879
2011-03-01,39.75,40.3,39.35,40.05,29700,36.83456
2011-03-03,40.5,40.6,39.1,39.75,16100,36.55864
2011-03-04,40.55,41.0,39.0,39.3,35700,36.14477
2011-03-07,38.0,39.45,38.0,38.9,13100,35.77689
2011-03-08,39.0,40.0,38.5,38.95,42100,35.82287
2011-03-09,39.15,39.35,38.6,38.75,19500,35.63893
2011-03-10,38.9,38.9,38.4,38.55,8300,35.45498
2011-03-11,38.2,38.75,37.35,38.15,16600,35.0871
2011-03-14,37.45,38.5,37.45,37.8,8500,34.7652
2011-03-15,36.45,37.4,36.35,37.0,35900,34.02943
2011-03-16,37.2,39.25,37.0,38.15,42200,35.0871
2011-03-17,37.85,38.7,37.5,37.7,22300,34.67323
2011-03-18,38.0,38.0,37.0,37.1,11300,34.1214
2011-03-21,37.15,37.2,36.05,36.15,392800,33.24767
2011-03-22,36.5,37.5,35.8,36.4,35000,33.4776
2011-03-23,37.0,37.0,36.25,36.3,14000,33.38563
2011-03-24,36.3,37.5,36.3,37.0,21900,34.02943
2011-03-25,37.6,38.25,37.05,37.8,60400,34.7652
2011-03-28,38.0,38.85,37.5,37.95,59600,34.90316
2011-03-29,38.5,38.7,36.25,36.45,29000,33.52359
2011-03-30,37.0,37.9,37.0,37.25,8900,34.25936
2011-03-31,37.15,37.7,36.8,37.05,18800,34.07541
2011-04-01,37.25,39.7,37.25,38.6,34500,35.50097
2011-04-04,39.25,40.9,39.0,40.25,66800,37.0185
2011-04-05,41.2,42.6,40.85,41.85,106600,38.49004
2011-04-06,42.0,43.1,41.6,42.6,97000,39.17983
2011-04-07,43.0,43.0,42.0,42.55,24300,39.13384
2011-04-08,42.6,42.65,41.4,41.75,18900,38.39807
2011-04-11,41.5,44.5,40.6,42.1,182500,38.71997
2011-04-13,41.95,43.4,41.35,42.55,78200,39.13384
2011-04-15,42.05,42.7,41.25,41.45,35500,38.12216
2011-04-18,42.0,42.45,40.4,40.55,35000,37.29441
2011-04-19,40.85,40.9,39.95,40.3,22900,37.06448
2011-04-20,40.9,42.45,40.75,41.85,30100,38.49004
2011-04-21,42.35,42.4,40.75,40.85,23900,37.57033
2011-04-25,41.25,44.1,41.1,43.65,122000,40.14553
2011-04-26,44.0,44.3,42.55,42.65,74000,39.22582
2011-04-27,43.25,43.5,40.55,40.95,75100,37.6623
2011-04-28,41.0,41.2,38.0,38.55,134000,35.45498
2011-04-29,38.7,39.1,37.2,37.45,68000,34.4433
2011-05-02,38.5,38.7,37.25,37.7,32300,34.67323
2011-05-03,37.7,38.1,36.5,36.65,40200,33.70753
2011-05-04,36.7,36.75,36.0,36.45,27800,33.52359
2011-05-05,36.6,37.4,36.05,36.65,27300,33.70753
2011-05-06,36.6,37.5,36.1,36.1,16700,33.20168
2011-05-09,36.9,37.0,35.3,35.55,32900,32.69584
2011-05-10,35.6,36.0,35.25,35.55,9200,32.69584
2011-05-11,28.45,36.2,28.45,34.7,31900,31.91409
2011-05-12,35.1,35.6,33.6,33.9,34800,31.17832
2011-05-13,35.15,35.15,33.55,33.75,23100,31.04036
2011-05-16,33.7,33.95,33.45,33.55,17800,30.85641
2011-05-17,34.7,34.7,32.5,32.7,22300,30.07466
2011-05-18,33.0,33.5,31.9,32.1,35400,29.52283
2011-05-19,32.4,32.9,32.15,32.2,8100,29.6148
2011-05-20,32.5,33.0,31.5,31.9,17500,29.33888
2011-05-23,32.1,32.7,30.35,30.9,21300,28.41917
2011-05-24,31.45,31.45,29.5,29.85,33800,27.45347
2011-05-25,30.0,30.45,28.8,28.95,40900,26.62573
2011-05-26,29.5,29.7,28.0,28.45,43700,26.16587
2011-05-27,28.5,29.9,28.1,29.4,27500,27.0396
2011-05-30,29.95,30.2,29.55,29.85,32100,27.45347
2011-05-31,29.85,31.3,29.85,31.05,51300,28.55713
2011-06-01,31.95,32.0,30.75,31.5,38500,28.971
2011-06-02,30.5,30.6,30.15,30.3,22600,27.86734
2011-06-03,30.5,31.8,29.75,30.0,45400,27.59143
2011-06-06,30.35,30.35,29.45,29.5,16600,27.13157
2011-06-07,29.7,30.2,29.25,29.9,32100,27.49946
2011-06-08,29.9,30.35,29.45,29.9,10300,27.49946
2011-06-09,30.4,30.7,29.65,30.45,6000,28.0053
2011-06-10,30.75,30.85,29.5,29.8,10400,27.40748
2011-06-13,29.5,30.15,28.9,30.1,17800,27.6834
2011-06-14,30.1,30.45,29.75,29.95,11900,27.54544
2011-06-15,29.6,30.0,29.5,29.8,11600,27.40748
2011-06-16,30.0,30.0,29.5,29.8,14300,27.40748
2011-06-17,29.95,30.2,29.2,29.3,22500,26.94763
2011-06-20,29.95,29.95,27.8,28.25,31400,25.98193
2011-06-21,28.1,28.75,27.5,27.55,29200,25.33813
2011-06-22,28.0,28.5,27.15,27.3,13300,25.1082
2011-06-23,27.2,27.85,25.1,25.8,56700,23.72863
2011-06-24,25.8,27.9,25.0,27.35,30000,25.15419
2011-06-27,27.0,28.75,26.75,27.25,47000,25.06221
2011-06-28,27.5,27.8,26.4,26.6,28200,24.4644
2011-06-29,27.0,27.0,26.4,26.9,16900,24.74031
2011-06-30,21.55,27.9,21.55,27.1,44400,24.92426
2011-07-01,27.5,29.35,27.0,28.6,91400,26.30383
2011-07-04,29.1,30.9,28.65,30.45,74500,28.0053
2011-07-05,30.8,31.2,29.9,30.1,26800,27.6834
2011-07-06,30.2,30.5,29.55,29.75,15900,27.3615
2011-07-07,29.85,30.25,29.55,29.6,24500,27.22354
2011-07-08,30.65,30.65,28.9,29.05,9800,26.7177
2011-07-11,29.1,29.7,28.45,29.15,10900,26.80967
2011-07-12,28.9,28.9,28.05,28.45,9000,26.16587
2011-07-13,29.0,29.1,28.4,28.5,15500,26.21186
2011-07-14,28.9,29.25,28.5,28.8,13700,26.48777
2011-07-15,29.3,29.3,28.15,28.35,10700,26.0739
2011-07-18,28.65,29.6,28.6,28.95,24300,26.62573
2011-07-19,28.7,29.25,28.7,29.15,5900,27.28084
2011-07-20,29.25,29.3,28.75,28.8,7400,26.95329
2011-07-21,29.0,29.65,28.9,29.35,18200,27.46802
2011-07-22,29.5,29.5,28.1,29.0,20000,27.14046
2011-07-25,28.15,31.4,28.1,30.4,51100,28.45069
2011-07-26,30.4,30.45,29.4,29.8,18700,27.88916
2011-07-27,29.85,29.85,29.05,29.15,4200,27.28084
2011-07-28,29.05,32.4,29.0,29.85,210800,27.93596
2011-07-29,30.0,30.8,29.05,29.3,39800,27.42122
2011-08-01,29.55,30.6,28.8,28.9,19900,27.04687
2011-08-02,29.6,29.6,28.1,28.25,15000,26.43855
2011-08-03,27.85,29.05,27.55,28.1,52700,26.29817
2011-08-04,28.1,29.6,27.65,27.85,53300,26.0642
2011-08-05,27.15,27.15,25.75,26.4,35600,24.70718
2011-08-08,26.55,27.0,25.0,26.1,63900,24.42642
2011-08-09,24.85,26.4,24.85,26.0,19100,24.33283
2011-08-10,26.3,27.5,26.05,27.1,27300,25.36229
2011-08-11,27.0,27.1,26.2,26.65,58600,24.94115
2011-08-12,26.75,27.2,25.85,26.0,14200,24.33283
2011-08-16,26.1,26.95,25.7,25.9,12400,24.23924
2011-08-17,26.0,26.1,24.1,24.95,34000,23.35016
2011-08-18,25.1,25.45,24.15,24.6,38100,23.0226
2011-08-19,24.25,25.0,24.0,24.2,20900,22.64825
2011-08-22,24.3,24.95,24.05,24.2,6900,22.64825
2011-08-23,24.3,25.0,24.05,24.15,24900,22.60145
2011-08-24,24.7,24.9,23.9,24.05,20400,22.50786
2011-08-25,24.2,24.5,23.75,23.85,12500,22.32069
2011-08-26,23.95,24.0,23.25,23.3,20700,21.80596
2011-08-29,23.35,24.3,23.35,24.1,6400,22.55466
2011-08-30,24.45,24.9,23.8,24.0,20000,22.46107
2011-09-02,24.05,24.3,23.75,23.9,14400,22.36748
2011-09-05,23.6,24.9,23.35,24.35,10000,22.78863
2011-09-06,24.15,24.75,23.8,24.5,11400,22.92901
2011-09-07,24.5,25.0,24.5,24.75,10300,23.16298
2011-09-08,25.25,26.0,24.95,25.55,22200,23.91168
2011-09-09,25.0,25.75,24.5,25.1,25300,23.49054
2011-09-12,24.55,24.9,24.0,24.1,9400,22.55466
2011-09-13,25.15,25.2,23.55,23.7,9800,22.18031
2011-09-14,23.85,24.3,23.8,24.25,4100,22.69504
2011-09-15,24.3,25.2,23.9,24.9,17800,23.30336
2011-09-16,24.5,26.1,24.2,25.65,19600,24.00527
2011-09-19,25.0,26.15,24.7,25.6,15000,23.95848
2011-09-20,25.0,26.75,25.0,26.55,33100,24.84756
2011-09-21,25.8,26.7,25.3,26.1,3500,24.42642
2011-09-22,25.5,25.9,24.6,24.9,11800,23.30336
2011-09-23,24.9,24.9,23.55,24.2,21500,22.64825
2011-09-26,24.0,26.35,23.7,25.95,59300,24.28603
2011-09-27,26.2,26.75,25.25,26.05,14300,24.37962
2011-09-28,25.95,26.25,25.15,25.75,12100,24.09886
2011-09-29,25.2,26.75,25.2,26.15,16400,24.47321
2011-09-30,25.7,29.15,25.7,28.95,141000,27.09367
2011-10-03,28.0,29.9,27.8,29.45,45000,27.56161
2011-10-04,29.6,29.6,28.3,28.5,26600,26.67252
2011-10-05,28.5,29.6,28.15,29.5,58600,27.6084
2011-10-07,30.3,31.15,29.25,30.9,64400,28.91863
2011-10-10,31.0,31.4,30.0,30.5,30400,28.54428
2011-10-11,30.1,31.8,30.1,31.55,44200,29.52695
2011-10-12,31.8,32.0,30.75,31.55,35000,29.52695
2011-10-13,31.5,32.15,31.0,31.95,20800,29.9013
2011-10-14,32.0,32.2,31.2,31.7,14300,29.66733
2011-10-17,31.75,32.65,31.0,32.2,46000,30.13527
2011-10-18,31.5,32.4,30.7,31.8,19600,29.76092
2011-10-19,31.6,32.3,31.1,31.55,4300,29.52695
2011-10-20,32.0,33.2,31.5,32.3,30200,30.22886
2011-10-21,32.85,32.85,31.6,31.9,9600,29.85451
2011-10-24,32.5,33.1,31.35,32.05,24400,29.99489
2011-10-25,32.5,32.5,31.0,32.0,14800,29.9481
2011-10-26,32.7,32.7,31.65,31.65,5300,29.62054
2011-10-28,32.45,34.85,32.2,34.3,85400,32.10061
2011-10-31,33.6,36.9,33.6,36.25,97400,33.92558
2011-11-01,36.0,37.5,35.55,37.3,55600,34.90825
2011-11-02,36.25,37.9,36.25,37.55,58800,35.14222
2011-11-03,37.55,39.2,37.0,38.7,119500,36.21848
2011-11-04,39.3,40.7,38.6,39.3,92300,36.78
2011-11-08,39.7,39.85,38.25,38.85,98900,36.35886
2011-11-09,38.75,38.75,36.25,36.85,61900,34.4871
2011-11-11,36.05,36.9,35.5,36.2,35700,33.87878
2011-11-14,36.5,36.5,34.85,35.7,23100,33.41084
2011-11-15,36.0,37.25,34.5,36.45,53100,34.11275
2011-11-16,35.5,36.45,35.05,35.95,38200,33.64481
2011-11-17,36.0,36.9,35.25,36.35,42400,34.01916
2011-11-18,35.9,36.25,35.15,36.0,26300,33.69161
2011-11-21,35.15,36.9,34.3,36.4,18300,34.06596
2011-11-22,35.85,36.0,35.0,35.05,6900,32.80252
2011-11-23,34.85,36.25,34.5,35.85,32200,33.55122
2011-11-24,33.1,35.6,33.1,35.35,10800,33.08329
2011-11-25,35.5,37.0,34.5,36.4,20300,34.06596
2011-11-28,36.5,37.15,36.0,36.75,8800,34.39352
2011-11-29,37.0,37.0,36.0,36.15,7800,33.83199
2011-11-30,36.5,37.1,35.5,36.85,16600,34.4871
2011-12-01,37.0,37.5,36.3,36.85,9400,34.4871
2011-12-02,36.45,37.1,36.15,36.6,5100,34.25313
2011-12-05,36.0,37.0,35.75,35.85,51400,33.55122
2011-12-06,35.85,35.85,35.85,35.85,0,33.55122
2011-12-07,35.5,36.9,35.5,36.05,11500,33.7384
2011-12-08,35.5,36.25,35.3,35.9,9500,33.59802
2011-12-09,34.75,37.2,34.75,36.5,15300,34.15955
2011-12-12,37.5,38.35,35.9,36.1,24700,33.78519
2011-12-13,36.5,36.7,35.45,36.45,7800,34.11275
2011-12-14,36.5,36.5,35.35,36.25,9700,33.92558
2011-12-15,35.5,36.5,35.5,35.95,10700,33.64481
2011-12-16,36.25,36.25,35.65,35.9,22000,33.59802
2011-12-19,35.5,36.0,34.5,35.1,19300,32.84932
2011-12-20,35.05,35.2,34.7,34.95,16300,32.70894
2011-12-21,35.15,35.2,34.8,35.05,22900,32.80252
2011-12-22,34.5,36.55,34.45,36.05,43600,33.7384
2011-12-23,33.0,37.0,33.0,36.0,34100,33.69161
2011-12-26,36.3,36.55,35.25,36.05,16400,33.7384
2011-12-27,35.5,36.0,35.4,35.55,3500,33.27046
2011-12-28,36.0,36.0,34.35,34.55,6500,32.33458
2011-12-29,34.45,35.7,33.55,34.45,24500,32.241
2011-12-30,33.65,34.85,33.5,34.6,28000,32.38138
2012-01-02,34.2,34.75,33.7,33.9,11200,31.72626
2012-01-03,40.0,40.0,33.15,35.05,11700,32.80252
2012-01-04,34.95,35.2,33.95,34.45,7200,32.241
2012-01-05,34.1,34.95,33.9,34.4,3000,32.1942
2012-01-06,34.0,35.0,34.0,34.55,8200,32.33458
2012-01-09,35.1,35.1,34.15,34.5,9800,32.28779
2012-01-10,35.2,36.45,34.15,35.8,13100,33.50443
2012-01-11,35.25,37.5,35.05,36.65,17900,34.29993
2012-01-12,35.85,36.45,35.5,35.65,6400,33.36405
2012-01-13,35.45,37.3,35.4,36.95,35400,34.58069
2012-01-16,36.1,36.95,36.0,36.7,5600,34.34672
2012-01-17,36.3,37.15,36.1,36.8,7700,34.44031
2012-01-18,37.35,37.5,36.35,36.9,17700,34.5339
2012-01-19,37.4,37.85,36.8,36.85,9100,34.4871
2012-01-20,36.05,36.95,36.05,36.25,7000,33.92558
2012-01-23,39.2,39.2,36.0,36.9,23500,34.5339
2012-01-24,37.2,37.2,36.05,36.1,5500,33.78519
2012-01-25,36.05,37.4,36.0,36.8,10600,34.44031
2012-01-26,36.8,36.8,36.8,36.8,0,34.44031
2012-01-27,38.9,39.8,37.2,37.8,26500,35.37619
2012-01-30,38.95,39.0,37.15,37.6,25700,35.18901
2012-01-31,39.5,40.8,37.3,38.0,23700,35.56336
2012-02-01,38.1,39.0,38.0,38.65,19700,36.17169
2012-02-02,38.2,38.75,37.5,37.8,17900,35.37619
2012-02-03,37.0,37.95,37.0,37.4,17500,35.00184
2012-02-06,37.8,37.95,37.2,37.4,15600,35.00184
2012-02-07,37.0,37.95,36.15,36.5,13800,34.15955
2012-02-08,36.2,36.95,35.35,35.9,31500,33.59802
2012-02-09,36.0,43.05,35.7,40.3,487700,37.71588
2012-02-10,40.2,40.9,38.1,38.65,97300,36.17169
2012-02-13,38.15,40.4,37.75,39.6,76100,37.06077
2012-02-14,39.95,40.0,38.5,38.85,40500,36.35886
2012-02-15,39.5,39.8,37.9,38.2,32700,35.75054
2012-02-16,38.95,38.95,37.55,38.1,47900,35.65695
2012-02-17,38.4,38.9,37.3,37.6,24800,35.18901
2012-02-20,37.6,37.6,37.6,37.6,0,35.18901
2012-02-21,37.95,38.5,37.45,38.0,22900,35.56336
2012-02-22,38.05,38.45,37.5,37.75,31500,35.32939
2012-02-23,37.9,38.2,37.6,37.7,7500,35.2826
2012-02-24,38.25,38.35,37.15,37.15,20200,34.76787
2012-02-27,37.45,37.45,34.85,35.5,29600,33.22367
2012-02-28,35.9,36.9,35.5,36.15,16900,33.83199
2012-02-29,35.1,37.55,35.1,36.45,22600,34.11275
2012-03-01,36.5,37.0,36.05,36.75,12200,34.39352
2012-03-02,37.0,37.0,35.9,36.1,4900,33.78519
2012-03-05,35.9,37.2,35.4,35.95,19200,33.64481
2012-03-06,36.6,36.65,34.2,34.65,40000,32.42817
2012-03-07,36.4,36.5,33.85,34.0,22600,31.81985
2012-03-08,34.0,34.0,34.0,34.0,0,31.81985
2012-03-09,35.95,36.1,34.2,35.65,25700,33.36405
2012-03-12,37.5,37.5,35.85,36.2,32400,33.87878
2012-03-13,37.3,40.2,37.3,39.15,211200,36.63962
2012-03-14,40.25,40.25,37.7,38.0,41000,35.56336
2012-03-15,37.1,38.15,36.1,36.4,29500,34.06596
2012-03-16,37.0,37.7,34.0,34.95,83900,32.70894
2012-03-19,34.25,36.5,34.2,35.8,26400,33.50443
2012-03-20,35.15,36.0,34.8,35.1,25300,32.84932
2012-03-21,35.0,36.6,35.0,36.45,15500,34.11275
2012-03-22,36.05,37.25,35.35,35.55,20200,33.27046
2012-03-23,35.55,37.05,35.5,36.6,28700,34.25313
2012-03-26,36.35,37.4,35.75,36.25,27800,33.92558
2012-03-27,36.9,36.9,35.25,36.3,22600,33.97237
2012-03-28,36.4,36.7,36.05,36.3,25100,33.97237
2012-03-29,35.75,36.4,35.3,35.65,8900,33.36405
2012-03-30,35.5,36.25,34.7,34.9,40700,32.66214
2012-04-02,35.25,36.9,35.25,36.7,28400,34.34672
2012-04-03,37.0,38.9,36.8,37.95,67000,35.51657
2012-04-04,37.1,38.5,36.7,36.9,6600,34.5339
2012-04-05,36.9,36.9,36.9,36.9,0,34.5339
2012-04-06,36.9,36.9,36.9,36.9,0,34.5339
2012-04-09,36.25,36.6,35.55,35.9,20800,33.59802
2012-04-10,36.1,36.1,35.6,35.65,4500,33.36405
2012-04-11,35.3,35.75,34.65,34.85,31400,32.61535
2012-04-12,35.05,35.35,34.35,34.55,57300,32.33458
2012-04-13,34.6,35.45,34.55,34.6,12400,32.38138
2012-04-16,34.6,36.2,34.5,35.6,12700,33.31725
2012-04-17,35.6,37.75,34.95,37.05,97300,34.67428
2012-04-18,37.85,38.85,37.05,38.2,52000,35.75054
2012-04-19,38.85,38.95,37.05,37.2,16300,34.81466
2012-04-20,38.25,42.2,38.25,40.35,604300,37.76268
2012-04-23,41.4,41.7,39.5,39.85,121500,37.29474
2012-04-24,40.0,40.0,38.6,38.9,21200,36.40565
2012-04-25,38.6,39.7,37.5,37.65,43200,35.23581
2012-04-26,38.1,40.0,37.7,38.5,189400,36.0313
2012-04-27,39.0,40.75,38.9,39.15,88800,36.63962
2012-04-30,39.5,41.7,39.05,40.2,190200,37.6223
2012-05-01,40.1,40.1,40.1,40.1,0,37.52871
2012-05-02,40.6,40.75,38.9,39.15,58100,36.63962
2012-05-03,39.05,39.3,38.25,38.6,22700,36.12489
2012-05-04,38.75,38.85,37.2,37.4,58900,35.00184
2012-05-07,36.8,39.5,36.45,39.05,29700,36.54603
2012-05-08,39.7,40.0,37.7,38.65,32400,36.17169
2012-05-09,38.5,40.7,38.3,39.95,38400,37.38833
2012-05-10,40.05,43.0,40.05,42.05,381300,39.35367
2012-05-11,41.05,41.65,39.0,39.9,153100,37.34153
2012-05-14,39.0,40.8,38.25,38.7,59300,36.21848
2012-05-15,39.7,41.0,38.75,39.95,196200,37.38833
2012-05-16,39.1,39.8,38.6,39.45,18200,36.92039
2012-05-17,39.5,40.95,39.5,40.2,17700,37.6223
2012-05-18,39.0,39.7,38.8,39.2,30600,36.68642
2012-05-21,39.0,40.15,38.5,38.9,32600,36.40565
2012-05-22,38.7,39.4,37.8,38.15,52300,35.70375
2012-05-23,37.6,38.35,37.15,37.4,64000,35.00184
2012-05-24,37.5,38.5,37.3,37.7,34200,35.2826
2012-05-25,37.95,38.85,37.75,38.65,23400,36.17169
2012-05-28,38.5,39.0,38.25,38.7,3700,36.21848
2012-05-29,39.45,41.45,37.65,41.05,97600,38.41779
2012-05-30,43.0,43.6,39.3,40.1,287300,37.52871
2012-05-31,38.45,40.6,38.45,39.25,13100,36.73321
2012-06-01,39.4,39.8,38.55,38.85,18700,36.35886
2012-06-04,38.1,38.75,37.65,38.2,15400,35.75054
2012-06-05,38.1,39.0,37.85,38.15,36300,35.70375
2012-06-06,38.5,38.9,38.0,38.2,36200,35.75054
2012-06-07,38.35,38.85,38.0,38.1,15600,35.65695
2012-06-08,38.05,38.7,37.8,38.2,9100,35.75054
2012-06-11,38.55,40.15,38.45,38.9,54000,36.40565
2012-06-12,39.9,39.9,38.65,38.8,16800,36.31206
2012-06-13,39.2,39.35,38.55,38.65,5300,36.17169
2012-06-14,38.7,39.1,37.8,38.0,17600,35.56336
2012-06-15,38.2,40.1,38.0,39.8,49000,37.24794
2012-06-18,39.6,39.6,38.4,38.75,7700,36.26527
2012-06-19,39.35,39.6,38.2,38.8,25800,36.31206
2012-06-20,39.0,42.15,38.8,41.45,265000,38.79214
2012-06-21,42.7,42.9,40.65,41.15,534600,38.51138
2012-06-22,40.6,41.0,39.7,39.85,72400,37.29474
2012-06-25,40.2,40.8,39.35,39.6,37500,37.06077
2012-06-26,39.2,40.0,39.0,39.35,33400,36.8268
2012-06-27,39.5,40.0,39.25,39.4,26200,36.87359
2012-06-28,39.5,39.8,39.3,39.45,14800,36.92039
2012-06-29,39.6,40.75,39.35,40.25,73300,37.66909
2012-07-02,40.5,41.4,40.1,40.4,23100,37.80947
2012-07-03,40.5,44.85,40.45,43.65,284200,40.85108
2012-07-04,43.75,44.25,42.6,43.25,155900,40.47672
2012-07-05,43.3,46.25,43.2,44.9,235200,42.02092
2012-07-06,45.0,45.2,42.85,43.3,56100,40.52352
2012-07-09,43.1,45.25,43.1,43.95,89100,41.13184
2012-07-10,44.1,44.9,43.55,44.15,51300,41.31901
2012-07-11,44.5,46.5,44.5,45.1,225000,42.2081
2012-07-12,44.7,44.7,43.55,43.65,43500,40.85108
2012-07-13,44.25,45.25,44.0,44.3,54800,41.45939
2012-07-16,44.4,45.3,43.5,43.9,54000,41.08504
2012-07-17,44.6,44.8,43.55,43.6,41500,40.80428
2012-07-18,43.65,44.0,42.7,43.4,36600,40.61711
2012-07-19,43.2,43.9,42.75,42.8,15600,40.71223
2012-07-20,43.55,43.55,42.0,42.5,19400,40.42686
2012-07-23,42.0,42.0,40.75,41.1,31800,39.09515
2012-07-24,40.5,42.0,40.15,41.6,13800,39.57076
2012-07-25,41.6,41.95,40.65,41.15,17700,39.14272
2012-07-26,40.7,40.7,39.9,40.25,26900,38.28662
2012-07-27,40.75,42.25,40.3,40.4,34300,38.4293
2012-07-30,40.85,41.65,39.05,39.9,81500,37.95369
2012-07-31,38.8,40.0,38.2,39.6,50200,37.66832
2012-08-01,39.5,41.1,39.5,40.85,24200,38.85735
2012-08-02,40.75,40.8,40.1,40.45,2100,38.47686
2012-08-03,40.0,42.0,39.95,41.1,30800,39.09515
2012-08-06,41.2,42.45,41.0,41.45,181500,39.42808
2012-08-07,41.25,44.4,41.15,43.35,129800,41.2354
2012-08-08,43.85,44.7,42.55,43.05,74700,40.95003
2012-08-09,43.05,43.05,41.25,41.5,15300,39.47564
2012-08-10,41.65,41.8,41.0,41.4,10900,39.38052
2012-08-13,41.5,42.25,41.0,42.05,8400,39.99881
2012-08-14,42.0,42.65,41.55,41.9,17400,39.85613
2012-08-15,41.9,41.9,41.9,41.9,0,39.85613
2012-08-16,42.5,42.85,41.5,42.15,12000,40.09394
2012-08-17,41.55,45.75,41.0,43.15,172900,41.04516
2012-08-20,43.15,43.15,43.15,43.15,0,41.04516
2012-08-21,43.5,44.2,42.35,43.05,48400,40.95003
2012-08-22,43.0,44.2,42.55,43.85,29300,41.71101
2012-08-23,43.5,44.75,43.2,44.05,80000,41.90125
2012-08-24,44.0,44.15,42.6,42.95,19700,40.85491
2012-08-27,43.7,44.2,42.55,43.15,43500,41.04516
2012-08-28,43.0,43.05,40.85,41.55,41800,39.5232
2012-08-29,41.5,42.2,41.25,41.45,20000,39.42808
2012-08-30,41.05,42.0,40.5,41.25,16600,39.23784
2012-08-31,42.25,42.25,40.5,40.9,17400,38.90491
2012-09-03,40.7,41.65,40.05,40.25,15000,38.28662
2012-09-04,42.0,42.0,39.15,39.95,40200,38.00125
2012-09-05,40.5,42.0,39.7,40.05,43000,38.09637
2012-09-06,40.1,40.8,40.05,40.6,10400,38.61954
2012-09-07,40.05,41.4,40.05,41.05,31200,39.04759
2012-09-10,40.7,44.5,40.7,43.9,183400,41.75857
2012-09-11,46.0,46.15,42.3,42.75,642100,40.66467
2012-09-12,43.0,43.75,42.25,42.95,55800,40.85491
2012-09-13,43.45,43.6,42.0,42.45,48400,40.3793
2012-09-14,43.4,43.5,41.75,42.2,77700,40.1415
2012-09-17,42.2,42.7,41.5,41.6,44700,39.57076
2012-09-18,41.9,43.6,41.6,42.45,97500,40.3793
2012-09-19,42.45,42.45,42.45,42.45,0,40.3793
2012-09-20,42.8,42.8,41.55,41.85,14600,39.80857
2012-09-21,42.45,42.75,41.1,41.95,44900,39.90369
2012-09-24,42.45,42.8,41.6,41.9,36700,39.85613
2012-09-25,42.0,42.65,41.25,41.9,45000,39.85613
2012-09-26,42.0,49.6,41.6,45.75,1270100,43.51833
2012-09-27,46.0,46.0,43.75,44.15,154500,41.99638
2012-09-28,44.3,44.9,43.1,43.3,73200,41.18784
2012-10-01,43.2,43.75,43.15,43.55,30400,41.42564
2012-10-02,43.55,43.55,43.55,43.55,0,41.42564
2012-10-03,43.5,45.65,43.5,44.55,69600,42.37686
2012-10-04,44.75,47.0,43.5,43.85,73500,41.71101
2012-10-05,43.85,44.05,42.9,43.15,57100,41.04516
2012-10-08,42.85,43.55,42.5,42.7,33700,40.61711
2012-10-09,43.0,44.5,42.85,44.25,78700,42.0915
2012-10-10,43.75,45.9,43.65,44.35,115000,42.18662
2012-10-11,45.0,45.0,43.55,43.8,50400,41.66345
2012-10-12,43.5,44.25,43.5,43.6,56700,41.4732
2012-10-15,43.6,44.0,43.5,43.7,13800,41.56833
2012-10-16,44.0,44.0,42.9,43.1,17800,40.99759
2012-10-17,43.2,43.5,42.6,42.85,19800,40.75979
2012-10-18,43.0,44.05,42.6,43.55,15000,41.42564
2012-10-19,43.8,44.1,43.15,43.4,27000,41.28296
2012-10-22,44.35,44.5,42.3,42.55,44500,40.47442
2012-10-23,42.5,44.15,42.5,43.7,42400,41.56833
2012-10-24,43.7,43.7,43.7,43.7,0,41.56833
2012-10-25,44.25,44.4,42.85,43.0,23900,40.90247
2012-10-26,43.35,43.65,42.25,42.45,39200,40.3793
2012-10-29,43.0,44.3,41.5,42.0,105300,39.95125
2012-10-30,42.5,42.5,40.4,40.65,31700,38.66711
2012-10-31,41.0,41.2,38.8,39.1,75300,37.19271
2012-11-01,39.85,40.0,38.9,39.45,76600,37.52564
2012-11-02,40.1,40.25,38.2,38.55,126900,36.66954
2012-11-05,39.05,39.5,38.75,39.1,22800,37.19271
2012-11-06,40.0,40.0,38.65,38.9,23600,37.00247
2012-11-07,39.0,39.7,38.6,38.9,19600,37.00247
2012-11-08,38.9,40.05,38.45,38.65,120500,36.76467
2012-11-09,39.0,39.45,38.5,38.55,17600,36.66954
2012-11-12,39.25,39.9,38.2,38.3,14800,36.43174
2012-11-13,38.3,38.3,38.3,38.3,0,36.43174
2012-11-14,38.3,38.3,38.3,38.3,0,36.43174
2012-11-15,38.05,39.6,38.05,38.45,52900,36.57442
2012-11-16,38.5,38.85,37.35,37.6,26500,35.76588
2012-11-19,37.6,38.25,36.15,36.95,150200,35.14759
2012-11-20,36.55,39.5,36.55,38.8,107200,36.90735
2012-11-21,39.5,39.5,38.05,39.3,137200,37.38296
2012-11-22,39.6,39.6,38.3,38.8,53600,36.90735
2012-11-23,38.8,39.25,38.6,38.65,11100,36.76467
2012-11-26,38.3,39.0,38.25,38.6,15800,36.7171
2012-11-27,38.5,39.0,38.5,38.6,15600,36.7171
2012-11-28,38.6,38.6,38.6,38.6,0,36.7171
2012-11-29,38.35,39.35,38.35,38.75,48200,36.85979
2012-11-30,39.15,39.7,38.9,39.05,33700,37.14515
2012-12-03,39.8,41.45,39.25,41.0,105100,39.00003
2012-12-04,41.5,41.75,40.5,40.8,62000,38.80979
2012-12-05,40.7,41.7,39.75,39.9,26500,37.95369
2012-12-06,39.7,40.35,39.25,39.95,13100,38.00125
2012-12-07,40.25,40.8,39.25,39.35,24000,37.43052
2012-12-10,39.7,40.3,39.0,39.35,12000,37.43052
2012-12-11,39.3,40.5,39.3,39.8,33700,37.85857
2012-12-12,40.2,41.1,39.7,39.85,26000,37.90613
2012-12-13,40.0,40.65,39.2,39.35,10000,37.43052
2012-12-14,39.5,39.5,38.9,39.0,6500,37.09759
2012-12-17,39.4,39.4,38.5,38.75,8500,36.85979
2012-12-18,39.35,39.35,38.55,38.6,11700,36.7171
2012-12-19,39.0,43.1,38.05,42.35,217800,40.28418
2012-12-20,42.0,42.0,39.55,39.85,57500,37.90613
2012-12-21,39.65,39.8,38.3,38.45,35400,36.57442
2012-12-24,39.0,41.75,39.0,40.75,81500,38.76223
2012-12-25,40.75,40.75,40.75,40.75,0,38.76223
2012-12-26,40.7,40.8,39.8,40.15,36200,38.1915
2012-12-27,40.15,40.3,38.8,38.95,33500,37.05003
2012-12-28,39.25,41.7,39.05,39.95,101700,38.00125
2012-12-31,40.0,41.35,39.6,40.5,571500,38.52442
2013-01-01,41.0,41.5,40.6,40.9,33600,38.90491
2013-01-02,40.75,43.0,39.8,42.5,232800,40.42686
2013-01-03,42.75,43.0,41.0,42.65,248900,40.56955
2013-01-04,44.45,45.4,43.5,43.65,652300,41.52077
2013-01-07,43.5,44.35,42.65,43.0,72400,40.90247
2013-01-08,43.0,43.5,42.0,42.65,49500,40.56955
2013-01-09,42.65,43.3,42.1,42.3,48100,40.23662
2013-01-10,42.65,43.15,41.5,41.8,55800,39.76101
2013-01-11,42.0,42.0,41.05,41.4,30500,39.38052
2013-01-14,41.2,41.5,40.8,41.05,27400,39.04759
2013-01-15,41.15,42.9,41.1,41.65,51700,39.61833
2013-01-16,41.65,42.1,40.6,40.75,19100,38.76223
2013-01-17,40.75,41.55,40.6,40.85,23900,38.85735
2013-01-18,41.5,41.5,39.35,39.8,34900,37.85857
2013-01-21,40.0,40.25,39.25,39.9,241900,37.95369
2013-01-22,39.4,40.65,39.4,39.7,20400,37.76345
2013-01-23,39.65,40.4,39.55,39.8,28800,37.85857
2013-01-24,42.5,44.9,39.1,39.2,220400,37.28784
2013-01-25,38.9,39.65,37.55,38.9,48600,37.00247
2013-01-28,38.85,39.85,38.5,39.0,19800,37.09759
2013-01-29,39.0,40.7,39.0,39.35,27700,37.43052
2013-01-30,40.05,40.75,39.5,40.0,33400,38.04881
2013-01-31,39.95,40.0,37.9,38.95,97700,37.05003
2013-02-01,38.7,40.8,38.7,40.25,40400,38.28662
2013-02-04,39.85,40.9,39.75,40.05,103700,38.09637
2013-02-05,40.5,40.5,39.5,40.25,19700,38.28662
2013-02-06,40.0,41.2,40.0,40.5,22400,38.52442
2013-02-07,40.5,40.5,40.0,40.05,12300,38.09637
2013-02-08,40.0,40.9,40.0,40.05,30200,38.09637
2013-02-11,40.0,40.4,40.0,40.0,12800,38.04881
2013-02-12,40.3,40.3,40.0,40.0,8500,38.04881
2013-02-13,40.0,40.8,39.0,39.75,11400,37.81101
2013-02-14,39.6,40.45,39.0,39.75,34000,37.81101
2013-02-15,39.25,40.05,39.0,39.9,67400,37.95369
2013-02-18,41.0,41.0,39.4,40.05,19100,38.09637
2013-02-19,39.8,39.8,38.7,39.3,26400,37.38296
2013-02-20,39.25,40.25,39.2,40.0,7700,38.04881
2013-02-21,39.15,40.7,39.15,40.0,26700,38.04881
2013-02-22,39.65,40.1,38.7,39.9,80300,37.95369
2013-02-25,39.55,39.95,38.75,39.15,45800,37.24028
2013-02-26,38.85,39.95,38.15,38.5,14400,36.62198
2013-02-27,38.7,39.8,38.6,39.2,15600,37.28784
2013-02-28,38.9,40.5,38.65,39.05,25600,37.14515
2013-03-01,39.0,39.55,38.55,39.3,34000,37.38296
2013-03-04,38.3,39.5,38.15,39.4,21700,37.47808
2013-03-05,39.5,39.7,38.65,39.45,20700,37.52564
2013-03-06,39.5,40.55,39.35,39.65,737200,37.71589
2013-03-07,39.7,40.25,39.5,40.05,23900,38.09637
2013-03-08,40.4,40.8,39.5,40.2,17500,38.23906
2013-03-11,41.1,41.5,39.65,39.85,34200,37.90613
2013-03-12,40.95,40.95,39.55,40.25,30000,38.28662
2013-03-13,41.3,41.3,40.0,40.4,11500,38.4293
2013-03-14,42.6,42.6,40.1,40.15,16200,38.1915
2013-03-15,41.2,41.2,39.35,40.15,17600,38.1915
2013-03-18,39.5,41.3,39.5,40.6,19100,38.61954
2013-03-19,40.35,40.55,39.75,40.1,153800,38.14393
2013-03-20,40.5,40.8,39.85,40.2,33900,38.23906
2013-03-21,40.5,41.15,40.0,40.25,97600,38.28662
2013-03-22,40.9,40.9,39.8,40.25,21300,38.28662
2013-03-25,40.1,40.55,39.15,40.1,34600,38.14393
2013-03-26,40.9,40.9,39.95,40.3,27500,38.33418
2013-03-27,40.3,40.3,40.3,40.3,0,38.33418
2013-03-28,41.5,41.5,39.55,40.0,28800,38.04881
2013-03-29,40.0,40.0,40.0,40.0,0,38.04881
2013-04-01,40.25,40.5,39.9,40.35,3200,38.38174
2013-04-02,42.7,42.7,40.05,41.0,2700,39.00003
2013-04-03,41.6,42.6,40.75,41.25,27000,39.23784
2013-04-04,42.0,42.3,40.6,41.45,11800,39.42808
2013-04-05,41.65,41.65,40.8,41.25,3800,39.23784
2013-04-08,40.5,41.05,40.0,40.15,11000,38.1915
2013-04-09,40.4,40.95,39.2,39.85,7900,37.90613
2013-04-10,40.0,40.0,39.3,39.55,32100,37.62076
2013-04-11,40.95,40.95,39.7,40.15,30100,38.1915
2013-04-12,39.4,40.4,39.35,40.0,27000,38.04881
2013-04-15,39.25,40.95,39.25,40.1,114500,38.14393
2013-04-16,40.05,40.2,39.7,40.0,37100,38.04881
2013-04-17,40.0,40.05,39.6,39.95,36400,38.00125
2013-04-18,41.9,41.9,39.35,39.8,7400,37.85857
2013-04-19,39.8,39.8,39.8,39.8,0,37.85857
2013-04-22,41.1,41.1,39.7,39.85,12500,37.90613
2013-04-23,39.65,39.95,39.5,39.8,8200,37.85857
2013-04-24,39.8,39.8,39.8,39.8,0,37.85857
2013-04-25,40.0,40.55,39.7,39.85,13800,37.90613
2013-04-26,39.55,40.05,39.55,39.65,378400,37.71589
2013-04-29,40.2,44.0,39.55,42.35,294500,40.28418
2013-04-30,42.9,45.0,40.0,40.6,84300,38.61954
2013-05-01,40.6,40.6,40.6,40.6,0,38.61954
2013-05-02,40.9,41.3,40.2,40.45,21700,38.47686
2013-05-03,40.45,41.05,39.65,39.7,35300,37.76345
2013-05-06,39.75,40.55,38.8,38.95,53400,37.05003
2013-05-07,39.25,40.0,39.0,39.8,105500,37.85857
2013-05-08,40.0,40.0,39.25,39.3,6900,37.38296
2013-05-09,40.15,40.15,39.05,39.15,6900,37.24028
2013-05-10,39.05,39.6,38.05,38.9,21900,37.00247
2013-05-13,38.75,40.3,38.45,38.6,34000,36.7171
2013-05-14,38.8,39.5,38.8,39.0,11000,37.09759
2013-05-15,39.25,40.2,39.15,39.8,14500,37.85857
2013-05-16,40.15,40.45,39.55,39.8,12300,37.85857
2013-05-17,39.95,40.95,39.7,40.4,44100,38.4293
2013-05-20,41.6,43.0,39.6,40.0,354700,38.04881
2013-05-21,40.0,42.6,39.5,41.9,236100,39.85613
2013-05-22,43.25,47.4,40.15,40.75,1766000,38.76223
2013-05-23,41.0,41.4,39.5,41.0,148100,39.00003
2013-05-24,42.4,42.5,40.9,41.35,55600,39.33296
2013-05-27,43.0,43.0,39.6,40.4,270200,38.4293
2013-05-28,40.45,41.35,39.95,40.35,53700,38.38174
2013-05-29,40.7,41.2,40.05,40.5,127700,38.52442
2013-05-30,40.35,40.75,40.3,40.5,14300,38.52442
2013-05-31,40.7,40.85,40.1,40.3,36300,38.33418
2013-06-03,40.25,42.2,40.25,40.9,91700,38.90491
2013-06-04,41.25,41.4,40.25,40.3,125800,38.33418
2013-06-05,40.3,40.95,40.0,40.2,18800,38.23906
2013-06-06,40.25,40.35,40.0,40.15,7800,38.1915
2013-06-07,40.5,40.95,39.95,40.0,20200,38.04881
2013-06-10,40.3,40.6,39.2,39.45,18800,37.52564
2013-06-11,39.2,39.75,37.8,38.7,404200,36.81223
2013-06-12,38.5,39.4,38.45,38.9,396700,37.00247
2013-06-13,38.5,39.3,38.45,38.65,339500,36.76467
2013-06-14,38.7,39.4,38.6,38.6,3300,36.7171
2013-06-17,39.45,39.45,38.35,38.4,10300,36.52686
2013-06-18,38.6,39.0,38.1,38.25,22000,36.38418
2013-06-19,38.5,38.7,37.8,38.05,27900,36.19393
2013-06-20,37.85,38.5,37.3,38.45,142700,36.57442
2013-06-21,37.5,39.2,37.45,38.25,23400,36.38418
2013-06-24,37.6,37.9,35.3,36.4,19300,34.62442
2013-06-25,36.15,36.6,35.45,35.85,18200,34.10125
2013-06-26,36.2,36.4,35.0,35.25,13300,33.53051
2013-06-27,35.8,36.4,35.4,35.95,24800,34.19637
2013-06-28,37.1,37.1,35.65,35.8,8200,34.05369
2013-07-01,36.5,38.35,36.5,37.65,19700,35.81344
2013-07-02,37.7,38.3,37.35,37.6,4100,35.76588
2013-07-03,38.0,39.4,37.4,38.6,29100,36.7171
2013-07-04,38.95,38.95,38.1,38.2,4200,36.33662
2013-07-05,38.5,38.95,37.7,37.9,18700,36.05125
2013-07-08,37.7,38.5,37.65,37.75,2800,35.90857
2013-07-09,37.75,38.4,37.7,38.0,3000,36.14637
2013-07-10,38.65,38.65,37.75,38.0,1000,36.14637
2013-07-11,38.35,38.35,37.7,37.8,13300,35.95613
2013-07-12,37.75,37.95,37.7,37.7,3300,35.86101
2013-07-15,37.65,38.05,37.25,37.6,16700,35.76588
2013-07-16,37.25,37.5,37.2,37.25,9000,35.43296
2013-07-17,38.0,43.4,38.0,39.4,273300,37.47808
2013-07-18,39.5,39.75,37.8,37.95,33400,36.09881
2013-07-19,37.8,39.0,37.75,38.2,32100,36.33662
2013-07-22,38.9,39.3,38.5,38.8,30100,36.90735
2013-07-23,39.5,41.25,39.3,40.3,122100,38.33418
2013-07-24,40.0,41.2,38.6,38.85,92700,36.95491
2013-07-25,38.5,38.8,38.05,38.1,23400,36.24149
2013-07-26,38.75,38.8,35.5,36.25,51500,34.48173
2013-07-29,36.1,36.95,35.7,35.95,8400,34.19637
2013-07-30,35.7,35.9,35.25,35.25,10000,33.53051
2013-07-31,35.0,35.5,33.9,34.1,12200,32.43661
2013-08-01,35.9,35.9,32.25,33.55,16200,31.91344
2013-08-02,33.1,33.7,32.2,33.3,17800,31.67563
2013-08-05,33.3,34.5,32.4,32.6,14400,31.00978
2013-08-06,32.8,32.9,30.8,31.2,16300,29.67807
2013-08-07,31.9,32.0,30.2,31.05,41600,29.53539
2013-08-08,31.5,32.0,31.0,31.45,10100,29.91588
2013-08-09,31.45,31.45,31.45,31.45,0,29.91588
2013-08-12,31.95,35.25,31.35,34.7,62500,33.00734
2013-08-13,33.7,35.5,33.2,33.65,28900,32.00856
2013-08-14,33.0,34.5,32.1,32.6,14300,31.00978
2013-08-15,32.6,32.6,32.6,32.6,0,31.00978
2013-08-16,32.35,34.8,31.6,33.6,29500,31.961
2013-08-19,33.15,33.9,32.0,32.65,18200,31.05734
2013-08-20,32.15,33.8,31.05,33.1,23800,31.48539
2013-08-21,34.55,34.7,31.4,31.6,42800,30.05856
2013-08-22,31.1,32.85,31.1,32.65,17100,31.05734
2013-08-23,33.4,35.9,33.05,34.95,32600,33.24515
2013-08-26,36.1,36.5,35.0,35.4,233300,33.6732
2013-08-27,35.9,35.9,34.65,35.15,38700,33.43539
2013-08-28,34.95,34.95,32.45,33.55,23100,31.91344
2013-08-29,33.6,34.65,33.0,33.35,8700,31.72319
2013-08-30,33.0,34.8,33.0,34.2,14800,32.53173
2013-09-02,33.0,36.0,33.0,35.45,42200,33.72076
2013-09-03,36.0,36.0,34.2,34.45,12700,32.76954
2013-09-04,35.9,35.9,33.8,34.25,16400,32.57929
2013-09-05,34.9,35.3,34.3,34.85,8700,33.15003
2013-09-06,34.5,35.5,34.3,35.25,32700,33.53051
2013-09-09,35.25,35.25,35.25,35.25,0,33.53051
2013-09-10,35.0,36.4,34.6,35.05,12000,33.34027
2013-09-11,35.95,35.95,34.1,34.9,9400,33.19759
2013-09-12,34.9,35.4,34.25,34.4,8800,32.72198
2013-09-13,35.95,35.95,34.3,35.1,8100,33.38783
2013-09-16,35.2,36.25,34.6,34.75,12000,33.0549
2013-09-17,34.95,36.0,34.6,35.1,10500,33.38783
2013-09-18,35.3,35.55,34.5,34.65,9900,32.95978
2013-09-19,35.1,36.0,34.6,35.65,21200,34.71244
2013-09-20,35.3,37.45,35.0,36.95,88800,35.97825
2013-09-23,35.65,36.15,34.8,35.6,7300,34.66376
2013-09-24,35.4,35.8,35.3,35.35,9400,34.42033
2013-09-25,35.95,36.9,35.1,35.7,29600,34.76113
2013-09-26,35.8,35.85,35.3,35.35,6500,34.42033
2013-09-27,35.45,35.65,34.8,35.05,15100,34.12822
2013-09-30,35.3,35.8,33.6,34.25,9800,33.34926
2013-10-01,34.25,34.9,33.5,34.75,7200,33.83611
2013-10-02,34.75,34.75,34.75,34.75,0,33.83611
2013-10-03,34.75,35.45,34.75,35.25,4200,34.32296
2013-10-04,35.05,35.3,34.25,34.35,7700,33.44663
2013-10-07,34.05,34.9,33.9,34.15,4000,33.25189
2013-10-08,34.95,35.2,34.65,34.9,10800,33.98217
2013-10-09,36.0,36.0,34.55,35.0,8300,34.07954
2013-10-10,35.0,35.7,35.0,35.4,9900,34.46902
2013-10-11,35.5,39.85,35.15,39.2,129600,38.16908
2013-10-14,39.5,39.5,35.5,36.4,200900,35.44272
2013-10-15,36.0,36.95,35.9,36.55,19600,35.58877
2013-10-16,36.55,36.55,36.55,36.55,0,35.58877
2013-10-17,36.75,37.4,36.15,36.85,16400,35.88088
2013-10-18,37.3,38.6,37.0,38.25,73000,37.24407
2013-10-21,38.7,39.1,38.1,38.3,27000,37.29275
2013-10-22,38.0,38.7,37.65,38.1,19400,37.09801
2013-10-23,38.6,40.5,38.5,39.1,301500,38.07171
2013-10-24,39.4,40.0,38.15,38.25,48600,37.24407
2013-10-25,38.05,38.6,37.6,37.7,5200,36.70853
2013-10-28,37.4,38.9,37.3,38.4,4600,37.39012
2013-10-29,39.6,39.7,38.25,39.45,10000,38.41251
2013-10-30,40.4,45.75,39.8,42.35,385000,41.23624
2013-10-31,42.6,43.1,40.55,41.35,36700,40.26254
2013-11-01,41.05,42.45,41.05,41.7,33400,40.60333
2013-11-04,41.7,41.7,41.7,41.7,0,40.60333
2013-11-05,42.0,47.3,41.5,46.35,152700,45.13104
2013-11-06,46.5,49.3,45.7,46.1,112400,44.88762
2013-11-07,47.0,47.8,42.3,45.7,40700,44.49814
2013-11-08,44.8,46.75,44.8,46.3,60700,45.08236
2013-11-11,46.45,46.45,45.5,46.1,31200,44.88762
2013-11-12,46.45,47.0,45.5,45.55,35100,44.35208
2013-11-13,44.1,46.5,44.1,45.1,15900,43.91392
2013-11-14,43.0,46.45,43.0,46.0,13500,44.79025
2013-11-15,46.0,46.0,46.0,46.0,0,44.79025
2013-11-18,46.0,46.8,45.2,45.55,14400,44.35208
2013-11-19,46.6,49.1,45.05,47.2,69000,45.95869
2013-11-20,47.8,48.0,46.5,46.7,54000,45.47184
2013-11-21,46.7,47.7,46.5,46.65,23700,45.42316
2013-11-22,47.5,47.5,46.5,46.5,26600,45.2771
2013-11-25,46.65,46.8,46.05,46.15,18500,44.93631
2013-11-26,46.0,51.7,46.0,46.75,427800,45.52052
2013-11-27,47.2,47.75,46.4,46.6,70500,45.37447
2013-11-28,46.9,48.65,45.0,47.65,511200,46.39686
2013-11-29,47.8,50.0,47.8,48.5,220500,47.2245
2013-12-02,48.55,49.65,48.3,48.45,45600,47.17582
2013-12-03,48.95,48.95,47.55,47.65,25500,46.39686
2013-12-04,47.45,48.5,47.0,47.7,24900,46.44554
2013-12-05,49.9,49.9,47.6,47.75,61800,46.49423
2013-12-06,48.2,49.1,47.5,48.0,96500,46.73765
2013-12-09,49.75,49.75,47.45,47.55,31800,46.29948
2013-12-10,47.75,48.5,47.6,48.2,65000,46.93239
2013-12-11,47.55,49.7,47.55,48.15,103900,46.88371
2013-12-12,48.2,48.65,47.6,47.8,52000,46.54291
2013-12-13,48.0,48.2,46.35,46.65,35700,45.42316
2013-12-16,46.3,47.5,46.3,47.25,26600,46.00738
2013-12-17,48.0,48.35,46.7,47.2,48400,45.95869
2013-12-18,47.5,48.2,47.0,47.5,24900,46.2508
2013-12-19,47.15,52.55,47.15,51.8,483600,50.43771
2013-12-20,52.8,55.4,51.5,54.45,622900,53.01802
2013-12-23,54.15,57.1,53.3,55.75,410500,54.28383
2013-12-24,55.8,56.05,54.0,54.75,125700,53.31013
2013-12-25,54.75,54.75,54.75,54.75,0,53.31013
2013-12-26,54.15,57.55,54.1,56.85,173700,55.3549
2013-12-27,56.8,61.5,55.5,60.2,603700,58.6168
2013-12-30,61.0,63.4,58.25,62.45,631500,60.80763
2013-12-31,62.1,63.3,59.65,60.3,200600,58.71417
2014-01-01,60.1,62.8,59.3,61.6,260400,59.97998
2014-01-02,61.6,63.4,56.5,57.15,272800,55.64702
2014-01-03,57.95,59.45,57.0,59.05,112000,57.49705
2014-01-06,61.9,61.9,57.35,58.1,97300,56.57203
2014-01-07,58.7,60.75,57.0,60.2,186700,58.6168
2014-01-08,60.6,63.25,59.45,61.15,242200,59.54182
2014-01-09,61.8,62.05,57.75,57.95,128500,56.42598
2014-01-10,58.55,59.75,57.5,58.45,217200,56.91283
2014-01-13,59.05,62.0,58.8,60.65,214100,59.05497
2014-01-14,61.0,61.0,59.05,59.35,57800,57.78916
2014-01-15,59.5,59.95,58.6,59.0,54400,57.44836
2014-01-16,59.1,60.6,58.5,60.35,108900,58.76286
2014-01-17,60.5,62.8,58.5,59.05,225800,57.49705
2014-01-20,59.5,60.5,59.0,59.8,86500,58.22732
2014-01-21,60.3,61.25,59.6,60.1,84100,58.51943
2014-01-22,60.5,62.4,59.75,61.7,177000,60.07736
2014-01-23,62.0,62.95,61.55,62.15,171700,60.51552
2014-01-24,62.55,62.55,60.0,60.6,100500,59.00628
2014-01-27,60.0,61.1,50.6,52.35,676900,50.97325
2014-01-28,53.0,53.7,48.5,51.5,362900,50.1456
2014-01-29,51.45,53.45,50.75,52.15,176000,50.77851
2014-01-30,50.8,51.45,50.0,50.95,68300,49.61007
2014-01-31,52.0,52.0,49.15,49.6,71800,48.29557
2014-02-03,50.2,50.45,47.75,48.4,77000,47.12713
2014-02-04,48.7,49.6,46.4,48.1,76900,46.83502
2014-02-05,48.05,53.1,47.9,50.6,170600,49.26927
2014-02-06,52.85,52.85,50.05,50.45,33700,49.12322
2014-02-07,51.7,52.35,50.75,51.35,65500,49.99955
2014-02-10,50.55,51.7,50.0,50.1,17900,48.78242
2014-02-11,51.5,51.5,48.0,49.8,43200,48.49031
2014-02-12,50.1,50.9,49.15,49.5,59700,48.1982
2014-02-13,50.45,50.45,48.6,48.8,18200,47.51661
2014-02-14,49.95,50.1,48.0,48.35,28400,47.07844
2014-02-17,49.15,49.5,47.1,48.65,60100,47.37056
2014-02-18,49.55,49.6,48.2,48.45,19500,47.17582
2014-02-19,48.55,49.0,47.8,48.55,21400,47.27319
2014-02-20,47.8,48.95,47.8,48.65,20400,47.37056
2014-02-21,49.0,50.05,46.85,48.8,42700,47.51661
2014-02-24,48.0,50.1,48.0,49.55,118600,48.24689
2014-02-25,49.3,49.75,48.0,48.4,40600,47.12713
2014-02-26,48.25,48.75,47.7,47.9,37200,46.64028
2014-02-27,47.9,47.9,47.9,47.9,0,46.64028
2014-02-28,48.0,48.35,47.3,47.4,42900,46.15343
2014-03-03,47.4,51.75,47.4,48.2,154600,46.93239
2014-03-04,48.5,49.05,47.8,48.0,43100,46.73765
2014-03-05,48.7,48.85,47.8,48.05,22200,46.78634
2014-03-06,48.3,49.5,48.2,48.3,53400,47.02976
2014-03-07,48.9,49.4,48.1,48.55,44600,47.27319
2014-03-10,48.7,51.5,48.65,50.2,147000,48.87979
2014-03-11,51.25,51.4,49.0,49.1,64900,47.80872
2014-03-12,49.7,51.25,48.65,49.05,107700,47.76004
2014-03-13,48.45,49.7,47.5,47.65,82400,46.39686
2014-03-14,47.75,48.5,46.85,48.15,35500,46.88371
2014-03-17,48.15,48.15,48.15,48.15,0,46.88371
2014-03-18,48.5,48.7,47.25,47.45,26400,46.20212
2014-03-19,47.4,49.5,47.4,48.95,36800,47.66267
2014-03-20,49.45,49.55,47.4,47.65,42800,46.39686
2014-03-21,48.3,49.3,47.75,48.3,65000,47.02976
2014-03-24,49.2,49.4,48.6,48.8,96900,47.51661
2014-03-25,49.55,49.55,48.15,48.45,73200,47.17582
2014-03-26,48.6,49.25,47.6,47.85,89800,46.59159
2014-03-27,48.75,52.7,48.05,51.15,467500,49.80481
2014-03-28,51.5,51.75,49.75,50.05,82300,48.73374
2014-03-31,50.5,52.0,50.5,50.8,71100,49.46401
2014-04-01,50.3,52.0,50.2,51.8,55500,50.43771
2014-04-02,51.6,55.0,51.55,54.3,247000,52.87197
2014-04-03,54.3,54.8,52.5,52.75,85000,51.36273
2014-04-04,52.7,55.5,52.1,54.9,165800,53.45619
2014-04-07,56.0,62.55,55.8,60.5,938500,58.90891
2014-04-08,60.5,60.5,60.5,60.5,0,58.90891
2014-04-09,60.0,67.3,60.0,65.0,1162400,63.29057
2014-04-10,63.8,64.95,61.35,62.2,209100,60.56421
2014-04-11,60.9,63.45,60.5,62.05,134300,60.41815
2014-04-14,62.05,62.05,62.05,62.05,0,60.41815
2014-04-15,62.55,62.75,59.95,60.75,92200,59.15234
2014-04-16,60.2,62.45,59.0,59.85,163900,58.27601
2014-04-17,60.2,62.0,59.9,61.35,53000,59.73656
2014-04-18,61.35,61.35,61.35,61.35,0,59.73656
2014-04-21,61.8,62.35,60.7,61.3,114200,59.68787
2014-04-22,61.75,64.4,61.45,62.9,281400,61.2458
2014-04-23,63.6,64.95,62.5,63.5,272200,61.83002
2014-04-24,63.5,63.5,63.5,63.5,0,61.83002
2014-04-25,63.6,64.4,61.5,62.65,176500,61.00237
2014-04-28,63.7,64.1,53.7,62.2,233100,60.56421
2014-04-29,65.0,65.9,62.45,63.1,416000,61.44054
2014-04-30,63.8,69.5,63.8,67.75,1245600,65.96825
2014-05-01,67.75,67.75,67.75,67.75,0,65.96825
2014-05-02,69.0,78.9,68.55,77.75,2784400,75.70526
2014-05-05,79.0,81.35,75.65,77.15,999000,75.12104
2014-05-06,77.9,79.15,75.45,75.95,499000,73.95259
2014-05-07,75.5,78.7,74.45,76.15,335800,74.14734
2014-05-08,76.8,77.9,75.3,75.95,177400,73.95259
2014-05-09,76.7,77.85,75.45,75.65,168500,73.66049
2014-05-12,76.0,76.8,72.75,73.65,145500,71.71308
2014-05-13,74.05,81.3,74.05,78.95,619800,76.8737
2014-05-14,79.7,81.45,77.45,79.5,1411700,77.40923
2014-05-15,81.4,84.55,79.65,83.45,1821900,81.25535
2014-05-16,84.4,88.3,82.8,86.4,817800,84.12777
2014-05-19,87.0,91.0,86.55,89.25,516200,86.90282
2014-05-20,90.1,93.45,85.5,90.8,602800,88.41206
2014-05-21,91.7,96.5,90.8,94.4,716700,91.91738
2014-05-22,95.45,98.6,94.4,95.95,532100,93.42661
2014-05-23,97.0,99.45,95.55,96.95,331200,94.40031
2014-05-26,97.1,102.05,90.4,92.7,603000,90.26209
2014-05-27,93.4,97.35,89.0,92.85,416100,90.40814
2014-05-28,93.85,93.85,90.7,91.6,162800,89.19102
2014-05-29,91.65,93.95,90.35,93.05,257100,90.60289
2014-05-30,103.0,111.65,98.65,111.65,3153200,108.71372
2014-06-02,115.8,115.8,106.9,108.8,938100,105.93868
2014-06-03,108.0,116.45,105.55,114.75,1050500,111.7322
2014-06-04,115.45,118.85,113.3,114.95,510200,111.92693
2014-06-05,115.15,116.0,109.0,110.9,368200,107.98345
2014-06-06,112.5,114.45,106.1,107.5,661100,104.67286
2014-06-09,109.6,112.0,107.95,109.4,746300,106.5229
2014-06-10,110.95,120.45,110.2,117.8,1246700,114.70199
2014-06-11,118.9,121.5,110.15,112.9,704900,109.93085
2014-06-12,113.45,116.35,110.0,114.05,347200,111.05061
2014-06-13,115.1,115.6,107.9,109.85,277000,106.96106
2014-06-16,110.55,115.05,106.0,113.35,217000,110.36901
2014-06-17,113.5,116.4,112.0,113.75,198800,110.7585
2014-06-18,114.6,118.65,113.0,114.45,406400,111.44008
2014-06-19,115.7,122.9,115.45,120.45,938200,117.28229
2014-06-20,121.7,121.9,114.2,115.15,293600,112.12168
2014-06-23,116.2,119.2,112.75,118.0,212500,114.89673
2014-06-24,118.95,120.7,116.0,118.25,254900,115.14015
2014-06-25,118.95,123.9,116.1,120.45,499800,117.28229
2014-06-26,121.0,125.7,117.7,124.05,513300,120.78762
2014-06-27,126.0,127.2,123.1,124.3,352800,121.03104
2014-06-30,125.45,128.8,124.5,128.14999,261500,124.77978
2014-07-01,129.0,149.7,127.5,144.2,1696500,140.40769
2014-07-02,146.89999,148.85001,140.7,142.8,673200,139.04451
2014-07-03,143.89999,154.3,140.0,149.95,984000,146.00647
2014-07-04,150.3,155.45,147.7,151.55,655000,147.5644
2014-07-07,152.8,156.45,150.85001,152.5,710000,148.48941
2014-07-08,153.95,154.39999,132.7,136.7,690900,133.10493
2014-07-09,139.3,139.3,125.0,132.39999,510000,128.91801
2014-07-10,133.10001,138.5,121.2,129.64999,792700,126.24034
2014-07-11,131.39999,137.5,119.5,121.75,372300,118.5481
2014-07-14,124.1,127.1,115.0,116.45,532300,113.38749
2014-07-15,118.0,128.8,117.7,127.05,483200,123.70872
2014-07-16,128.7,139.89999,126.0,138.89999,670500,135.24707
2014-07-17,140.39999,148.39999,140.05,146.05,820300,142.20904
2014-07-18,145.5,146.25,139.5,142.2,338200,138.46029
2014-07-21,143.5,149.0,143.3,143.89999,285700,140.11558
2014-07-22,144.10001,146.0,137.0,140.89999,224400,138.2513
2014-07-23,140.75,143.0,135.64999,138.0,220600,135.40582
2014-07-24,138.0,138.85001,135.60001,136.39999,158700,133.83589
2014-07-25,137.35001,137.64999,129.39999,130.75,240500,128.29211
2014-07-28,130.05,131.8,126.0,126.8,153700,124.41636
2014-07-29,126.8,126.8,126.8,126.8,0,124.41636
2014-07-30,127.0,141.39999,126.8,138.95,508800,136.33796
2014-07-31,139.0,153.7,137.10001,140.25,1922600,137.61352
2014-08-01,138.89999,140.60001,132.64999,133.25,440300,130.74511
2014-08-04,135.0,138.64999,135.0,137.5,204000,134.91522
2014-08-05,137.89999,138.8,134.7,135.25,136800,132.70751
2014-08-06,136.89999,142.5,136.89999,138.35001,393100,135.74925
2014-08-07,143.0,145.45,136.5,137.39999,413500,134.81709
2014-08-08,136.8,136.8,131.5,133.39999,162600,130.89229
2014-08-11,134.2,137.95,133.3,134.35001,160100,131.82444
2014-08-12,136.0,137.2,132.85001,134.10001,95600,131.57914
2014-08-13,134.5,134.5,120.55,127.35,220700,124.95602
2014-08-14,128.89999,132.85001,128.2,132.10001,199300,129.61674
2014-08-15,132.10001,132.10001,132.10001,132.10001,0,129.61674
2014-08-18,133.64999,134.5,127.3,131.64999,185600,129.17518
2014-08-19,132.35001,136.64999,131.85001,134.3,396700,131.77538
2014-08-20,135.2,135.2,131.64999,132.85001,105400,130.35264
2014-08-21,133.0,134.60001,129.75,130.35001,122800,127.89963
2014-08-22,130.2,132.25,126.5,127.05,158400,124.66166
2014-08-25,129.95,129.95,121.0,122.25,180600,119.95189
2014-08-26,122.8,126.7,121.65,125.2,130400,122.84644
2014-08-27,130.3,138.3,128.14999,135.89999,996100,133.34529
2014-08-28,137.95,140.89999,131.0,131.55,720900,129.07707
2014-08-29,131.55,131.55,131.55,131.55,0,129.07707
2014-09-01,131.10001,134.95,128.89999,130.39999,2185300,127.94868
2014-09-02,130.64999,132.35001,128.5,129.35001,221700,126.91843
2014-09-03,130.0,131.5,127.05,127.65,223100,125.25038
2014-09-04,126.65,128.7,123.5,125.7,177700,123.33704
2014-09-05,126.8,129.7,125.2,125.8,250600,123.43516
2014-09-08,126.95,126.95,124.3,126.0,176000,123.6314
2014-09-09,126.2,128.89999,123.7,125.8,276600,123.43516
2014-09-10,123.95,128.8,123.95,124.65,250100,122.30678
2014-09-11,125.7,131.8,125.2,127.25,538300,124.8579
2014-09-12,128.25,129.05,125.1,126.0,189800,123.6314
2014-09-15,125.95,126.4,124.1,125.2,180200,122.84644
2014-09-16,125.1,127.0,116.25,117.3,265700,115.09495
2014-09-17,119.0,122.9,113.95,121.45,309900,119.16693
2014-09-18,123.9,125.1,121.75,122.75,197100,120.4425
2014-09-19,123.0,126.95,120.8,122.4,365100,120.09908
2014-09-22,121.8,124.5,119.7,120.2,183000,117.94043
2014-09-23,120.75,121.2,114.0,114.65,156600,112.49476
2014-09-24,113.6,118.5,112.65,115.8,184500,113.62315
2014-09-25,116.65,116.65,104.35,107.75,202000,105.72447
2014-09-26,108.0,109.3,102.75,107.0,195400,104.98857
2014-09-29,109.1,114.0,109.1,111.35,150600,109.2568
2014-09-30,111.8,115.0,110.25,110.75,124400,108.66808
2014-10-01,112.0,113.25,109.25,110.1,118200,108.03029
2014-10-02,110.1,110.1,110.1,110.1,0,108.03029
2014-10-03,110.1,110.1,110.1,110.1,0,108.03029
2014-10-06,110.1,110.1,110.1,110.1,0,108.03029
2014-10-07,110.6,111.45,103.65,104.65,119400,102.68275
2014-10-08,105.5,113.6,103.0,112.5,339000,110.38518
2014-10-09,114.15,116.85,113.1,113.9,290200,111.75886
2014-10-10,111.9,111.9,107.0,108.05,132200,106.01883
2014-10-13,108.8,111.5,105.7,110.95,122400,108.86431
2014-10-14,112.25,112.9,109.05,109.7,123500,107.63781
2014-10-15,109.7,109.7,109.7,109.7,0,107.63781
2014-10-16,109.0,110.5,107.0,107.85,107500,105.82259
2014-10-17,111.7,111.7,104.25,105.05,135700,103.07523
2014-10-20,108.0,110.2,105.65,106.45,82100,104.44891
2014-10-21,106.7,110.9,106.5,108.6,147900,106.55849
2014-10-22,109.7,116.95,108.95,115.45,396200,113.27972
2014-10-23,115.45,115.45,115.45,115.45,0,113.27972
2014-10-24,115.45,115.45,115.45,115.45,0,113.27972
2014-10-27,120.2,125.0,119.15,120.85,425600,118.57821
2014-10-28,122.0,123.15,118.0,119.0,122600,116.76299
2014-10-29,120.25,121.3,118.05,119.1,107500,116.86111
2014-10-30,120.0,132.35001,117.45,124.9,1722700,122.55208
2014-10-31,126.0,134.25,125.2,127.5,1512500,125.1032
2014-11-03,128.0,128.7,123.5,125.25,434500,122.8955
2014-11-04,125.25,125.25,125.25,125.25,0,122.8955
2014-11-05,126.0,129.89999,123.8,125.9,396000,123.53328
2014-11-06,125.9,125.9,125.9,125.9,0,123.53328
2014-11-07,127.5,127.5,122.0,122.8,313500,120.49156
2014-11-10,124.0,124.05,118.95,119.45,285800,117.20453
2014-11-11,119.45,122.7,119.3,120.4,224800,118.13667
2014-11-12,121.35,123.4,119.0,119.35,221300,117.10641
2014-11-13,120.0,120.8,116.2,116.9,133100,114.70247
2014-11-14,117.6,120.9,116.0,118.45,189400,116.22333
2014-11-17,119.0,122.7,116.9,120.7,236600,118.43103
2014-11-18,121.6,125.45,120.3,123.8,325900,121.47276
2014-11-19,125.4,127.85,118.0,119.85,527800,117.59701
2014-11-20,119.3,121.25,117.9,119.25,148400,117.00829
2014-11-21,119.5,121.5,117.0,117.45,167400,115.24212
2014-11-24,117.0,119.7,116.05,116.95,166500,114.75152
2014-11-25,117.2,117.2,108.15,111.2,178700,109.10961
2014-11-26,111.75,113.3,109.4,110.95,139700,108.86431
2014-11-27,111.75,111.75,109.5,109.9,86500,107.83406
2014-11-28,110.15,116.45,110.0,113.35,250800,111.2192
2014-12-01,115.1,118.5,111.2,112.55,443400,110.43424
2014-12-02,111.9,122.9,111.05,122.25,827300,119.95189
2014-12-03,123.0,134.2,123.0,127.95,1145600,125.54474
2014-12-04,128.85001,137.8,125.15,130.45,1274300,127.99774
2014-12-05,131.2,135.95,124.1,125.55,584400,123.18986
2014-12-08,125.75,129.3,124.0,125.15,319600,122.79738
2014-12-09,126.05,129.14999,121.65,123.9,329700,121.57088
2014-12-10,124.0,124.75,122.0,123.5,147000,121.1784
2014-12-11,123.55,125.0,121.0,122.75,152000,120.4425
2014-12-12,123.5,125.1,118.0,118.5,189200,116.27239
2014-12-15,117.5,119.7,115.95,116.25,110200,114.06468
2014-12-16,116.1,116.3,109.3,109.9,130400,107.83406
2014-12-17,110.7,111.7,104.5,107.7,217100,105.67541
2014-12-18,112.05,116.15,111.8,115.15,187700,112.98536
2014-12-19,117.9,118.9,113.7,114.3,163100,112.15134
2014-12-22,115.05,116.5,113.85,115.3,80500,113.13255
2014-12-23,116.0,118.4,113.35,114.15,96700,112.00416
2014-12-24,114.6,114.85,112.55,113.1,79500,110.9739
2014-12-25,113.1,113.1,113.1,113.1,0,110.9739
2014-12-26,113.95,114.4,112.0,112.7,68000,110.58142
2014-12-29,113.0,115.65,112.7,113.0,121800,110.87578
2014-12-30,112.3,117.5,112.3,115.95,196500,113.77032
2014-12-31,115.0,121.2,115.0,117.8,277900,115.58555
2015-01-01,118.3,122.5,117.4,121.1,188900,118.82351
2015-01-02,121.45,125.8,121.45,122.45,259800,120.14813
2015-01-05,123.45,124.9,120.1,121.65,110900,119.36317
2015-01-06,121.3,121.3,114.4,115.45,133400,113.27972
2015-01-07,116.05,122.7,111.1,120.35,489200,118.08761
2015-01-08,123.7,127.5,122.15,124.0,535600,121.669
2015-01-09,125.5,127.75,121.4,122.85,469600,120.54061
2015-01-12,123.65,128.8,121.7,128.25,495300,125.8391
2015-01-13,129.75,131.64999,124.0,125.7,407000,123.33704
2015-01-14,126.0,127.5,123.2,126.65,234500,124.26918
2015-01-15,129.0,138.85001,127.25,133.85001,1465800,131.33384
2015-01-16,132.7,141.0,131.3,139.85001,826500,137.22105
2015-01-19,142.0,145.60001,141.3,143.75,520200,141.04773
2015-01-20,144.2,144.89999,136.85001,139.10001,256900,136.48515
2015-01-21,140.05,140.05,132.10001,134.64999,265300,132.11879
2015-01-22,135.0,138.39999,134.25,137.05,213800,134.47368
2015-01-23,138.3,138.89999,134.05,135.2,228200,132.65845
2015-01-26,135.2,135.2,135.2,135.2,0,132.65845
2015-01-27,138.39999,141.8,135.2,136.05,364400,133.49248
2015-01-28,136.25,136.25,131.39999,134.64999,141800,132.11879
2015-01-29,134.7,138.95,133.0,136.75,235700,134.17932
2015-01-30,137.64999,138.0,130.5,132.14999,137200,129.66578
2015-02-02,128.75,128.75,125.35,125.9,250200,123.53328
2015-02-03,126.0,129.0,122.75,123.65,173100,121.32558
2015-02-04,123.5,125.55,120.05,121.05,112400,118.77446
2015-02-05,121.9,126.0,120.1,120.85,187600,118.57821
2015-02-06,121.0,121.0,116.7,117.15,98500,114.94777
2015-02-09,117.0,119.15,115.0,116.45,84500,114.26092
2015-02-10,116.5,120.8,115.25,118.35,109000,116.12521
2015-02-11,120.0,131.0,120.0,129.35001,374800,126.91843
2015-02-12,131.10001,136.55,130.0,131.3,464300,128.83177
2015-02-13,132.25,132.3,127.55,128.14999,123400,125.74098
2015-02-16,129.60001,133.3,128.2,132.0,168900,129.51861
2015-02-17,132.0,132.0,132.0,132.0,0,129.51861
2015-02-18,134.2,156.2,133.7,153.60001,2007100,150.71257
2015-02-19,155.55,165.89999,155.55,159.89999,1199700,156.89413
2015-02-20,160.89999,161.0,143.8,153.10001,385500,150.22197
2015-02-23,155.7,156.8,146.35001,149.10001,278600,146.29716
2015-02-24,150.14999,154.89999,147.45,149.14999,466900,146.34621
2015-02-25,151.7,153.0,148.55,149.14999,222600,146.34621
2015-02-26,150.45,152.89999,148.0,148.95,260400,146.14997
2015-02-27,150.2,159.89999,149.7,155.7,591900,152.77308
2015-03-02,150.5,151.5,143.8,145.45,207900,142.71577
2015-03-03,145.64999,145.8,141.60001,142.39999,137100,139.7231
2015-03-04,143.45,147.45,138.0,138.55,232600,135.94548
2015-03-05,142.10001,147.0,140.45,144.45,260000,141.73457
2015-03-06,144.45,144.45,144.45,144.45,0,141.73457
2015-03-09,143.95,144.55,140.5,141.75,135300,139.08533
2015-03-10,142.95,147.8,141.10001,143.55,232000,140.85149
2015-03-11,144.05,146.0,142.0,142.64999,91500,139.9684
2015-03-12,143.89999,146.5,142.14999,144.64999,88700,141.9308
2015-03-13,146.0,152.0,142.0,143.3,382800,140.60619
2015-03-16,144.85001,147.5,142.14999,142.85001,123900,140.16465
2015-03-17,144.45,146.89999,142.8,143.85001,107900,141.14585
2015-03-18,144.64999,145.25,141.0,143.5,72500,140.80243
2015-03-19,144.2,145.8,141.0,142.2,66500,139.52686
2015-03-20,142.0,142.89999,135.10001,141.60001,203200,138.93815
2015-03-23,142.2,142.2,136.5,137.45,75400,134.86616
2015-03-24,137.2,139.5,135.14999,136.14999,82700,133.59059
2015-03-25,138.0,138.0,134.95,135.14999,71500,132.60939
2015-03-26,135.14999,135.14999,132.55,133.10001,78600,130.59794
2015-03-27,134.10001,136.45,132.0,133.5,73500,130.99041
2015-03-30,135.5,144.3,134.45,141.2,234000,138.54566
2015-03-31,143.60001,149.0,142.3,147.5,205400,144.72723
2015-04-01,146.5,151.89999,145.25,150.05,197400,147.2293
2015-04-02,150.05,150.05,150.05,150.05,0,147.2293
2015-04-03,150.05,150.05,150.05,150.05,0,147.2293
2015-04-06,151.0,152.0,146.60001,147.55,109400,144.7763
2015-04-07,148.5,149.3,144.10001,145.5,71500,142.76483
2015-04-08,145.89999,149.89999,144.45,146.35001,98600,143.59886
2015-04-09,148.8,163.25,148.8,155.10001,485100,152.18437
2015-04-10,155.75,158.0,153.39999,154.2,110600,151.30128
2015-04-13,155.8,165.89999,154.0,159.75,413900,156.74695
2015-04-14,159.75,159.75,159.75,159.75,0,156.74695
2015-04-15,161.10001,161.25,151.75,153.39999,98100,150.51632
2015-04-16,152.64999,153.7,146.95,149.95,100900,147.13118
2015-04-17,149.55,159.45,147.39999,152.89999,319200,150.02572
2015-04-20,154.39999,154.5,145.5,147.39999,114600,144.62911
2015-04-21,147.10001,151.7,146.64999,148.14999,70900,145.36501
2015-04-22,149.60001,151.7,144.0,146.95,119800,144.18757
2015-04-23,148.5,149.5,144.0,144.75,144900,142.02893
2015-04-24,145.89999,146.0,139.0,139.35001,59600,136.73045
2015-04-27,139.0,140.2,126.1,127.75,233900,125.3485
2015-04-28,128.0,128.0,120.15,123.95,167200,121.61993
2015-04-29,123.95,128.75,123.0,124.5,83800,122.1596
2015-04-30,125.15,127.15,118.1,122.15,177400,119.85378
2015-05-01,122.15,122.15,122.15,122.15,0,119.85378
2015-05-04,117.6,126.7,117.0,121.6,219500,119.31411
2015-05-05,121.65,126.0,121.5,123.35,153500,121.03121
2015-05-06,123.0,123.8,117.5,118.2,94200,115.97802
2015-05-07,119.5,119.5,113.3,114.4,110500,112.24946
2015-05-08,115.1,119.35,115.1,118.1,97600,115.87991
2015-05-11,121.0,122.45,119.55,120.6,63200,118.33291
2015-05-12,121.0,121.0,115.25,115.75,41000,113.57408
2015-05-13,116.35,118.05,114.8,115.75,58700,113.57408
2015-05-14,115.8,117.35,114.2,115.5,43400,113.32878
2015-05-15,116.0,117.4,114.35,114.75,49100,112.59288
2015-05-18,115.7,116.5,115.05,115.5,33400,113.32878
2015-05-19,115.7,121.9,115.25,118.15,220500,115.92897
2015-05-20,119.1,122.05,118.45,119.0,185000,116.76299
2015-05-21,120.7,120.7,117.55,118.35,55000,116.12521
2015-05-22,118.5,121.35,115.0,115.65,76800,113.47597
2015-05-25,116.05,117.3,115.0,116.1,33300,113.9175
2015-05-26,115.8,115.95,112.05,112.4,52700,110.28706
2015-05-27,112.0,112.4,110.0,110.6,44000,108.52089
2015-05-28,113.85,113.85,108.35,108.8,54000,106.75474
2015-05-29,109.55,113.05,108.85,111.15,320400,109.06056
2015-06-01,111.05,113.5,110.0,110.35,52200,108.27559
2015-06-02,110.65,113.0,108.45,108.95,77000,106.90191
2015-06-03,108.85,110.0,104.0,105.05,67900,103.07523
2015-06-04,105.8,108.5,103.1,105.3,104600,103.32053
2015-06-05,104.1,110.9,104.0,106.7,163900,104.69421
2015-06-08,107.45,109.85,106.5,106.85,63600,104.84139
2015-06-09,106.4,108.5,103.6,104.1,33600,102.14308
2015-06-10,105.0,108.15,105.0,106.95,82000,104.93951
2015-06-11,108.4,109.5,104.5,104.95,43200,102.9771
2015-06-12,104.0,105.15,103.1,103.6,23800,101.65248
2015-06-15,104.65,105.1,102.9,103.45,44700,101.5053
2015-06-16,103.45,104.25,100.0,102.05,47300,100.13163
2015-06-17,103.75,106.3,102.15,104.4,59600,102.43745
2015-06-18,104.5,105.8,104.5,105.8,73100,103.81113
2015-06-19,107.1,113.8,106.65,111.5,201300,109.40398
2015-06-22,112.05,114.65,111.15,111.95,73400,109.84551
2015-06-23,112.2,113.55,110.5,111.2,35200,109.10961
2015-06-24,111.45,119.35,111.1,114.3,192900,112.15134
2015-06-25,113.2,115.8,111.3,111.95,104900,109.84551
2015-06-26,111.7,114.3,111.25,112.1,53900,109.9927
2015-06-29,112.2,112.2,105.4,107.9,56600,105.87165
2015-06-30,108.25,109.7,106.85,108.15,41500,106.11695
2015-07-01,109.15,110.9,108.95,109.65,30800,107.58876
2015-07-02,110.0,120.6,109.8,119.55,285100,117.30265
2015-07-03,119.0,121.4,115.4,116.2,183300,114.01562
2015-07-06,113.85,120.8,113.85,117.95,71100,115.73272
2015-07-07,118.8,120.6,116.15,116.6,61100,114.4081
2015-07-08,115.0,118.1,114.1,114.9,48800,112.74006
2015-07-09,116.0,116.7,113.55,114.0,43900,111.85698
2015-07-10,115.05,115.95,113.8,114.75,43600,112.59288
2015-07-13,115.85,119.7,115.5,118.25,71200,116.02709
2015-07-14,119.9,123.4,118.9,120.05,132600,117.79325
2015-07-15,121.5,125.3,121.4,123.55,150600,121.22746
2015-07-16,124.8,129.5,123.1,127.85,191000,125.44662
2015-07-17,128.85001,130.0,125.2,126.05,102100,123.68046
2015-07-20,126.85,129.7,125.7,128.05,71200,125.64287
2015-07-21,128.2,133.3,122.55,124.15,190400,122.96856
2015-07-22,126.95,128.0,123.25,124.35,37200,123.16665
2015-07-23,125.35,126.75,123.4,124.45,36000,123.2657
2015-07-24,124.5,125.8,120.5,121.8,26100,120.64093
2015-07-27,122.9,122.9,116.65,117.55,33200,116.43137
2015-07-28,116.2,120.0,115.0,116.85,75800,115.73803
2015-07-29,117.0,120.5,116.85,117.75,112400,116.62946
2015-07-30,118.9,122.6,118.2,120.7,279400,119.55139
2015-07-31,117.1,127.8,111.6,126.5,440600,125.2962
2015-08-03,126.5,126.5,119.8,120.3,78200,119.1552
2015-08-04,121.55,123.85,120.35,120.65,60900,119.50187
2015-08-05,121.05,123.95,121.0,121.35,64900,120.1952
2015-08-06,121.5,122.7,120.1,120.8,34000,119.65044
2015-08-07,121.0,121.15,118.5,119.4,37800,118.26376
2015-08-10,120.0,120.65,117.65,119.55,42100,118.41234
2015-08-11,120.0,120.45,116.0,116.75,32100,115.63898
2015-08-12,117.0,117.0,113.4,114.85,21600,113.75706
2015-08-13,120.0,120.6,114.0,114.75,299200,113.65801
2015-08-14,116.1,117.25,113.2,113.7,34900,112.618
2015-08-17,113.7,118.45,113.7,115.5,39800,114.40087
2015-08-18,116.8,120.0,114.4,119.15,123600,118.01614
2015-08-19,120.9,122.0,117.7,118.3,168800,117.17423
2015-08-20,117.8,118.65,115.2,116.3,27900,115.19326
2015-08-21,114.9,114.9,109.7,111.2,85100,110.14179
2015-08-24,107.9,118.7,102.0,113.5,251000,112.41991
2015-08-25,114.0,118.0,105.3,112.25,137400,111.1818
2015-08-26,112.7,114.2,109.0,109.85,58900,108.80464
2015-08-27,112.0,113.85,111.0,111.85,284300,110.78561
2015-08-28,113.1,117.2,111.9,112.75,75100,111.67704
2015-08-31,112.4,113.8,109.8,110.2,32600,109.15131
2015-09-01,109.0,112.35,108.1,109.0,52800,107.96273
2015-09-02,110.2,112.0,106.25,107.4,55200,106.37796
2015-09-03,110.4,110.4,107.25,108.25,38300,107.21987
2015-09-04,107.5,107.8,104.6,105.3,39200,104.29794
2015-09-07,106.0,106.8,104.2,104.6,25800,103.6046
2015-09-08,104.8,105.4,102.1,103.85,41000,102.86174
2015-09-09,105.9,107.65,105.3,105.75,38400,104.74366
2015-09-10,105.5,107.1,103.0,106.25,18700,105.2389
2015-09-11,106.6,108.25,106.35,107.2,18600,106.17986
2015-09-14,108.35,109.35,106.7,107.9,14700,106.8732
2015-09-15,107.9,110.95,107.6,108.1,24900,107.07129
2015-09-16,108.8,109.5,108.0,108.45,13900,107.41796
2015-09-17,108.45,108.45,108.45,108.45,0,107.41796
2015-09-18,109.4,111.5,108.6,110.4,44600,109.34941
2015-09-21,109.0,110.9,108.7,110.3,27200,109.25036
2015-09-22,111.55,113.3,108.8,110.35,41700,109.29988
2015-09-23,109.0,116.5,109.0,113.65,60700,112.56848
2015-09-24,113.55,116.15,112.8,113.25,28000,112.17229
2015-09-25,113.25,113.25,113.25,113.25,0,112.17229
2015-09-28,113.15,114.0,111.0,111.8,14000,110.73609
2015-09-29,110.6,114.0,109.8,112.45,21500,111.3799
2015-09-30,113.25,113.8,112.05,112.3,13200,111.23133
2015-10-01,112.8,113.95,109.0,111.65,33200,110.58751
2015-10-02,111.65,111.65,111.65,111.65,0,110.58751
2015-10-05,113.35,115.0,110.45,114.2,116800,113.11324
2015-10-06,113.2,118.0,113.2,114.7,194400,113.60848
2015-10-07,115.0,117.0,114.05,114.95,41500,113.85611
2015-10-08,115.0,115.4,113.05,114.15,26300,113.06372
2015-10-09,115.05,115.45,112.45,112.75,28300,111.67704
2015-10-12,113.7,135.3,113.2,132.39999,673000,131.14004
2015-10-13,132.7,133.8,125.95,126.6,181200,125.39524
2015-10-14,127.7,128.60001,122.7,124.35,101900,123.16665
2015-10-15,127.0,132.8,124.3,127.7,240700,126.48477
2015-10-16,127.1,130.89999,125.05,129.55,90500,128.31717
2015-10-19,130.0,132.7,127.45,130.8,89000,129.55528
2015-10-20,130.85001,138.2,130.64999,135.7,219300,134.40864
2015-10-21,137.7,137.7,130.60001,131.95,67100,130.69433
2015-10-22,131.95,131.95,131.95,131.95,0,130.69433
2015-10-23,133.60001,134.7,132.5,134.05,65300,132.77435
2015-10-26,133.95,140.8,128.7,134.95,123100,133.66578
2015-10-27,134.55,136.39999,130.7,131.14999,40800,129.90194
2015-10-28,131.39999,135.0,131.25,131.55,47200,130.29814
2015-10-29,133.7,135.64999,131.0,131.89999,54000,130.6448
2015-10-30,134.10001,134.10001,126.2,128.5,75400,127.27716
2015-11-02,129.89999,133.2,128.0,132.05,80000,130.79338
2015-11-03,133.5,136.0,129.10001,130.7,49200,129.45622
2015-11-04,131.60001,134.7,130.0,130.64999,29100,129.4067
2015-11-05,130.8,132.10001,128.0,129.0,33700,127.77241
2015-11-06,130.35001,130.55,128.14999,128.60001,17000,127.37622
2015-11-09,124.0,133.0,122.5,130.39999,40900,129.15908
2015-11-10,128.89999,137.35001,128.89999,133.55,87800,132.27911
2015-11-11,133.55,133.55,133.55,133.55,0,132.27911
2015-11-12,133.55,133.55,133.55,133.55,0,132.27911
2015-11-13,135.3,135.3,130.55,131.0,16100,129.75337
2015-11-16,131.0,133.35001,130.0,131.45,46000,130.19909
2015-11-17,132.75,137.2,131.95,136.0,69000,134.70579
2015-11-18,137.7,147.45,137.7,145.35001,276900,143.96682
2015-11-19,146.89999,151.5,146.7,150.35001,151600,148.91924
2015-11-20,148.2,151.0,141.05,142.35001,53800,140.99537
2015-11-23,144.3,145.05,140.2,140.8,43500,139.46012
2015-11-24,143.89999,145.95,140.5,142.2,78900,140.84679
2015-11-25,142.2,142.2,142.2,142.2,0,140.84679
2015-11-26,142.14999,150.2,142.14999,146.7,141900,145.30396
2015-11-27,149.5,155.3,148.7,149.89999,224900,148.47351
2015-11-30,150.5,152.0,145.10001,146.10001,72100,144.70968
2015-12-01,148.0,155.0,147.5,152.35001,123800,150.90021
2015-12-02,153.8,155.0,148.60001,152.89999,64600,151.44496
2015-12-03,151.10001,153.0,146.95,147.64999,72900,146.24492
2015-12-04,146.05,146.55,142.0,142.7,55800,141.34203
2015-12-07,144.0,145.89999,136.10001,137.2,79800,135.89437
2015-12-08,135.0,138.60001,130.95,131.64999,96400,130.39718
2015-12-09,132.05,135.35001,128.2,128.75,51200,127.52478
2015-12-10,131.0,134.60001,127.95,132.64999,56000,131.38766
2015-12-11,134.60001,136.8,131.55,135.60001,55300,134.3096
2015-12-14,135.60001,140.3,133.0,133.85001,84600,132.57626
2015-12-15,136.3,136.3,133.75,134.75,18100,133.46769
2015-12-16,135.8,138.25,133.60001,134.14999,79700,132.87339
2015-12-17,135.60001,136.75,133.2,135.55,52600,134.26008
2015-12-18,136.60001,145.0,136.60001,139.8,339400,138.46963
2015-12-21,140.05,142.45,135.5,136.0,104800,134.70579
2015-12-22,136.55,138.5,132.5,134.05,61900,132.77435
2015-12-23,136.0,140.39999,132.8,134.3,3880300,133.02197
2015-12-24,135.8,151.14999,135.0,148.5,1049900,147.08684
2015-12-25,148.5,148.5,148.5,148.5,0,147.08684
2015-12-28,150.35001,151.0,141.35001,141.89999,294800,140.54964
2015-12-29,142.75,146.39999,139.60001,140.89999,212200,139.55916
2015-12-30,141.45,143.8,139.0,139.64999,114300,138.32105
2015-12-31,139.5,140.7,136.8,137.45,91700,136.14199
2016-01-01,138.0,143.5,138.0,140.64999,106800,139.31153
2016-01-04,140.95,142.5,136.14999,137.55,84300,136.24104
2016-01-05,138.7,144.5,137.5,143.25,237200,141.8868
2016-01-06,143.25,146.95,141.3,143.0,165800,141.63918
2016-01-07,140.0,141.5,135.95,136.39999,100900,135.10198
2016-01-08,138.89999,139.64999,136.2,137.64999,84600,136.34008
2016-01-11,136.5,137.5,133.60001,136.25,49000,134.95341
2016-01-12,136.8,140.89999,136.05,138.0,159300,136.68676
2016-01-13,138.2,141.7,128.60001,132.75,146500,131.48672
2016-01-14,130.0,130.7,124.5,126.8,279700,125.59334
2016-01-15,128.05,129.0,120.3,121.15,70800,119.99711
2016-01-18,120.8,122.6,103.6,110.25,180800,109.20083
2016-01-19,111.35,118.4,110.1,115.8,374800,114.69802
2016-01-20,115.8,116.75,111.1,114.4,59900,113.31134
2016-01-21,118.35,118.95,114.0,117.05,50400,115.93613
2016-01-22,118.8,127.8,117.3,126.05,105900,124.85048
2016-01-25,130.0,132.0,127.5,128.45,114900,127.22764
2016-01-26,128.45,128.45,128.45,128.45,0,127.22764
2016-01-27,129.2,129.2,125.15,125.7,51700,124.50381
2016-01-28,126.5,127.0,124.4,125.15,41700,123.95904
2016-01-29,125.1,128.7,124.2,126.65,83800,125.44477
2016-02-01,126.05,126.05,122.0,122.8,93100,121.63141
2016-02-02,124.0,124.0,117.5,118.4,91700,117.27328
2016-02-03,116.0,122.7,112.75,119.8,127000,118.65996
2016-02-04,121.6,126.0,118.5,121.25,69400,120.09616
2016-02-05,124.0,125.1,121.1,122.5,103100,121.33426
2016-02-08,122.95,124.5,119.1,119.5,106200,118.36281
2016-02-09,118.0,119.65,116.9,117.5,65700,116.38184
2016-02-10,118.0,118.0,113.6,115.25,65700,114.15325
2016-02-11,115.1,116.0,108.5,110.85,104300,109.79512
2016-02-12,112.0,112.35,107.0,110.15,69100,109.10179
2016-02-15,113.9,116.4,112.3,114.35,41700,113.26182
2016-02-16,118.7,121.25,111.05,112.25,79600,111.1818
2016-02-17,113.8,114.55,109.0,113.5,58200,112.41991
2016-02-18,119.9,119.9,113.3,115.35,71300,114.2523
2016-02-19,114.85,116.1,113.95,115.6,30000,114.49992
2016-02-22,117.9,118.95,115.95,117.55,27300,116.43137
2016-02-23,119.8,119.8,113.35,114.45,56400,113.36086
2016-02-24,112.9,114.9,111.7,112.65,37600,111.578
2016-02-25,114.0,114.0,110.0,111.05,32800,109.99322
2016-02-26,112.9,113.15,110.0,110.25,34400,109.20083
2016-02-29,110.7,111.5,106.4,107.5,50700,106.477
2016-03-01,108.4,110.5,106.0,109.9,56800,108.85417
2016-03-02,112.1,114.75,111.25,112.55,59700,111.47895
2016-03-03,112.65,114.1,109.1,109.75,87800,108.70559
2016-03-04,109.25,111.4,107.0,107.8,122500,106.77415
2016-03-07,107.8,107.8,107.8,107.8,0,106.77415
2016-03-08,108.15,110.4,105.7,106.55,146700,105.53605
2016-03-09,106.45,108.6,105.6,107.05,78100,106.03129
2016-03-10,107.75,108.5,106.15,106.9,96700,105.88272
2016-03-11,106.9,108.3,105.3,105.6,104500,104.59508
2016-03-14,107.0,107.35,105.2,105.6,74600,104.59508
2016-03-15,105.8,106.0,103.6,104.2,67300,103.2084
2016-03-16,104.25,105.0,103.1,103.75,61000,102.76269
2016-03-17,105.0,105.0,102.4,102.85,44900,101.87125
2016-03-18,103.0,104.0,102.1,102.8,47000,101.82173
2016-03-21,103.6,110.4,101.4,107.65,323500,106.62558
2016-03-22,109.75,113.55,109.2,110.25,290800,109.20083
2016-03-23,110.1,110.5,107.6,108.55,102000,107.51702
2016-03-24,108.55,108.55,108.55,108.55,0,107.51702
2016-03-25,108.55,108.55,108.55,108.55,0,107.51702
2016-03-28,109.55,110.6,105.25,106.05,100900,105.04081
2016-03-29,107.25,107.25,103.7,104.3,121600,103.30746
2016-03-30,106.0,107.5,104.9,106.75,97300,105.73414
2016-03-31,107.5,107.5,105.1,105.75,34900,104.74366
2016-04-01,105.6,111.5,105.6,110.75,110600,109.69608
2016-04-04,111.8,112.0,110.05,111.25,64300,110.19132
2016-04-05,111.05,111.4,107.5,108.35,29600,107.31891
2016-04-06,108.7,109.5,107.8,109.2,25800,108.16082
2016-04-07,111.9,114.75,111.0,111.95,140400,110.88465
2016-04-08,111.95,113.5,111.15,112.15,56300,111.08276
2016-04-11,112.0,113.0,111.1,111.65,29500,110.58751
2016-04-12,112.0,126.35,112.0,122.95,695900,121.77998
2016-04-13,124.55,124.9,119.9,120.3,119700,119.1552
2016-04-14,120.3,120.3,120.3,120.3,0,119.1552
2016-04-15,120.3,120.3,120.3,120.3,0,119.1552
2016-04-18,120.3,121.3,117.5,120.0,41100,118.85805
2016-04-19,120.0,120.0,120.0,120.0,0,118.85805
2016-04-20,120.6,127.8,119.55,121.35,154300,120.1952
2016-04-21,123.9,125.15,120.8,123.1,131300,121.92855
2016-04-22,123.5,124.4,120.2,120.8,59100,119.65044
2016-04-25,122.5,123.45,120.0,120.8,82300,119.65044
2016-04-26,121.0,123.3,119.55,122.05,107600,120.88855
2016-04-27,122.45,125.9,122.15,124.05,101900,122.86951
2016-04-28,124.1,127.45,122.0,122.7,140700,121.53235
2016-04-29,123.7,126.6,120.05,123.2,195000,122.0276
2016-05-02,127.0,128.0,124.2,124.9,210300,123.71142
2016-05-03,126.0,126.0,121.0,121.8,90400,120.64093
2016-05-04,121.0,121.9,117.5,118.4,53100,117.27328
2016-05-05,119.0,120.85,118.9,119.65,37200,118.51138
2016-05-06,119.0,121.0,117.5,117.9,38500,116.77804
2016-05-09,118.6,119.8,116.75,117.05,63800,115.93613
2016-05-10,116.65,118.8,116.25,116.8,41500,115.68851
2016-05-11,115.3,116.6,115.0,115.85,37800,114.74754
2016-05-12,117.1,117.65,115.1,116.75,62000,115.63898
2016-05-13,116.25,116.6,114.0,114.25,60200,113.16277
2016-05-16,114.5,114.5,110.1,110.85,101500,109.79512
2016-05-17,111.9,115.4,111.2,113.2,95600,112.12276
2016-05-18,112.7,114.8,111.85,113.9,45400,112.8161
2016-05-19,114.0,115.3,112.55,113.0,52100,111.92466
2016-05-20,113.3,113.55,111.15,111.75,26800,110.68656
2016-05-23,113.2,113.2,110.8,111.5,20700,110.43894
2016-05-24,111.0,111.65,109.65,110.15,50000,109.10179
2016-05-25,111.45,112.75,111.1,111.75,29200,110.68656
2016-05-26,112.35,113.75,112.1,112.8,40800,111.72657
2016-05-27,113.15,116.0,111.6,113.8,83800,112.71706
2016-05-30,113.8,114.0,111.5,112.15,34500,111.08276
2016-05-31,111.95,113.5,110.95,111.95,140900,110.88465
2016-06-01,111.8,115.4,111.45,112.65,54000,111.578
2016-06-02,112.0,112.85,111.1,112.1,32300,111.03323
2016-06-03,112.45,112.75,110.1,110.45,24600,109.39893
2016-06-06,110.15,120.0,110.15,119.1,266100,117.96661
2016-06-07,119.8,122.85,117.5,122.35,148300,121.18569
2016-06-08,126.0,139.2,125.1,129.2,2117600,127.9705
2016-06-09,128.39999,129.89999,124.6,125.75,368200,124.55333
2016-06-10,125.75,127.85,122.55,124.0,212200,122.81999
2016-06-13,122.4,122.4,118.25,120.1,162200,118.9571
2016-06-14,121.0,124.8,120.15,122.45,244700,121.28473
2016-06-15,123.75,125.3,121.25,122.25,177400,121.08664
2016-06-16,120.45,120.45,118.5,119.0,112100,117.86757
2016-06-17,120.2,122.8,118.35,118.85,145000,117.71899
2016-06-20,117.3,126.4,117.05,123.15,381500,121.97808
2016-06-21,124.1,124.4,121.0,122.1,154800,120.93807
2016-06-22,122.3,122.7,120.7,121.25,100000,120.09616
2016-06-23,124.4,124.4,121.2,121.7,152100,120.54187
2016-06-24,118.9,119.3,111.95,117.7,131800,116.57994
2016-06-27,117.0,120.6,116.75,118.75,86100,117.61995
2016-06-28,119.7,123.85,118.5,121.6,133800,120.44282
2016-06-29,122.9,125.5,121.95,122.8,111100,121.63141
2016-06-30,123.45,125.0,122.1,123.15,71400,121.97808
2016-07-01,124.25,125.85,123.0,123.65,113600,122.47332
2016-07-04,124.6,129.3,124.55,128.25,231300,127.02954
2016-07-05,127.8,128.0,124.2,124.7,81500,123.51332
2016-07-06,124.7,124.7,124.7,124.7,0,123.51332
2016-07-07,125.0,135.0,124.55,132.95,356700,131.68481
2016-07-08,132.0,132.0,127.2,127.95,112800,126.73239
2016-07-11,130.0,131.8,125.3,125.95,105100,124.75143
2016-07-12,126.4,127.75,125.0,125.7,62000,124.50381
2016-07-13,127.0,129.0,125.6,126.6,61600,125.39524
2016-07-14,126.0,127.8,125.2,125.95,71000,124.75143
2016-07-15,126.0,126.55,122.5,122.85,70400,121.68093
2016-07-18,124.7,127.9,123.85,125.05,137800,123.86
2016-07-19,125.95,129.0,125.05,126.1,93000,124.9
2016-07-20,126.6,127.5,125.95,126.6,39100,126.6
2016-07-21,126.65,128.25,125.0,125.45,46200,125.45
2016-07-22,126.3,126.9,125.05,125.9,46300,125.9
2016-07-25,126.0,128.8,125.65,126.35,66400,126.35
2016-07-26,127.0,128.5,125.15,125.45,36400,125.45
2016-07-27,128.0,128.60001,126.2,126.85,64600,126.85
2016-07-28,131.60001,133.14999,128.10001,129.39999,167400,129.39999
2016-07-29,129.89999,130.39999,125.15,125.8,108700,125.8
2016-08-01,120.0,121.1,115.1,120.0,578400,120.0
2016-08-02,120.1,125.0,120.1,121.5,122300,121.5
2016-08-03,122.0,122.0,118.8,119.7,49400,119.7
2016-08-04,120.5,122.8,118.4,120.35,55000,120.35
2016-08-05,121.0,121.85,119.2,120.1,47300,120.1
2016-08-08,119.0,121.5,119.0,119.75,39400,119.75
2016-08-09,120.55,121.7,119.2,120.15,44800,120.15
2016-08-10,120.55,121.1,116.95,117.3,51600,117.3
2016-08-11,119.1,119.1,117.6,118.0,19400,118.0
2016-08-12,119.2,119.2,116.3,116.75,37800,116.75
2016-08-15,116.75,116.75,116.75,116.75,0,116.75
2016-08-16,116.9,116.9,115.1,115.55,43200,115.55
2016-08-17,115.9,118.5,115.6,116.05,37900,116.05
2016-08-18,116.5,117.7,116.2,116.4,39200,116.4
2016-08-19,117.1,119.7,116.3,116.7,54700,116.7
2016-08-22,118.95,118.95,116.2,116.45,34600,116.45
2016-08-23,117.0,120.4,116.55,118.85,52700,118.85
2016-08-24,118.5,121.45,118.0,119.65,44700,119.65
2016-08-25,120.7,120.7,117.3,117.8,18200,117.8
2016-08-26,118.7,120.85,117.6,117.95,28000,117.95
2016-08-29,118.1,118.1,114.7,115.0,72400,115.0
2016-08-30,117.0,120.15,115.45,116.2,128800,116.2
2016-08-31,116.9,118.5,116.0,116.5,42100,116.5
2016-09-01,117.2,118.0,115.8,116.25,36800,116.25
2016-09-02,116.4,117.3,116.05,116.4,26600,116.4
2016-09-05,116.4,116.4,116.4,116.4,0,116.4
2016-09-06,117.05,119.0,115.1,118.35,71000,118.35
2016-09-07,121.8,122.4,118.95,119.25,110800,119.25
2016-09-08,119.15,122.4,117.15,118.35,146100,118.35
2016-09-09,119.2,120.0,117.15,117.55,45100,117.55
2016-09-12,116.4,117.55,115.0,115.75,58300,115.75
2016-09-13,115.75,115.75,115.75,115.75,0,115.75
2016-09-14,115.5,116.95,115.15,115.65,27700,115.65
2016-09-15,116.3,116.7,114.3,114.6,51500,114.6
2016-09-16,116.0,118.5,115.0,115.5,71700,115.5
2016-09-19,117.0,117.95,114.85,115.05,53500,115.05
2016-09-20,116.25,117.1,115.1,115.45,45600,115.45
2016-09-21,116.25,117.55,115.95,116.35,38800,116.35
2016-09-22,118.0,118.7,116.9,117.5,38500,117.5
2016-09-23,119.0,119.8,116.05,116.5,211300,116.5
2016-09-26,116.2,116.8,115.0,115.3,46800,115.3
2016-09-27,116.1,117.35,115.25,115.85,47900,115.85
2016-09-28,116.0,116.7,115.5,115.85,26700,115.85
2016-09-29,117.7,117.7,107.5,109.35,93700,109.35
2016-09-30,108.0,112.4,108.0,111.25,47400,111.25
2016-10-03,112.0,116.15,112.0,115.45,59100,115.45
2016-10-04,115.75,116.5,114.1,114.9,26100,114.9
2016-10-05,115.65,116.45,114.25,114.85,36300,114.85
2016-10-06,115.55,118.0,114.75,115.2,50500,115.2
2016-10-07,115.15,116.0,114.4,114.5,28400,114.5
2016-10-10,115.65,116.45,115.1,115.35,28400,115.35
2016-10-11,115.35,115.35,115.35,115.35,0,115.35
2016-10-12,115.35,115.35,115.35,115.35,0,115.35
2016-10-13,115.8,116.35,112.9,113.1,30000,113.1
2016-10-14,114.2,117.5,113.55,116.3,42600,116.3
2016-10-17,117.3,118.5,113.5,114.15,53400,114.15
2016-10-18,114.7,115.45,113.85,114.1,35800,114.1
2016-10-19,114.35,116.1,114.25,115.05,33900,115.05
2016-10-20,115.5,122.8,115.15,121.45,206100,121.45
2016-10-21,122.0,122.9,119.3,120.1,138100,120.1
2016-10-24,120.1,122.5,120.0,120.15,61800,120.15
2016-10-25,120.2,120.45,118.25,118.45,20700,118.45
2016-10-26,117.2,119.2,115.8,116.15,54100,116.15
2016-10-27,115.8,116.75,115.05,115.15,55800,115.15
2016-10-28,115.85,117.85,115.25,116.0,118000,116.0
2016-10-31,116.0,116.0,116.0,116.0,0,116.0
2016-11-01,120.0,121.5,116.0,116.5,70200,116.5
2016-11-02,115.1,116.65,114.8,115.8,36300,115.8
2016-11-03,116.0,118.6,116.0,116.8,76000,116.8
2016-11-04,117.8,117.8,113.5,114.75,96200,114.75
2016-11-07,115.5,117.2,115.3,116.6,32000,116.6
2016-11-08,118.0,118.4,115.25,115.8,24400,115.8
2016-11-09,110.0,114.0,103.65,112.8,76600,112.8
2016-11-10,115.45,119.45,115.0,117.7,51000,117.7
2016-11-11,117.0,118.5,113.5,114.2,39900,114.2
2016-11-14,114.2,114.2,114.2,114.2,0,114.2
2016-11-15,114.5,115.0,108.1,108.6,59800,108.6
2016-11-16,110.0,111.45,107.2,107.6,28200,107.6
2016-11-17,108.1,109.0,107.0,107.7,10400,107.7
2016-11-18,108.0,109.6,107.25,108.2,13700,108.2
2016-11-21,109.0,109.35,101.75,103.15,45700,103.15
2016-11-22,103.15,105.55,103.0,103.5,51500,103.5
2016-11-23,105.0,106.75,104.0,106.4,177300,106.4
2016-11-24,105.3,109.7,105.2,109.0,27900,109.0
2016-11-25,107.8,110.7,107.8,109.65,21300,109.65
2016-11-28,109.75,110.8,109.1,109.35,12400,109.35
2016-11-29,110.0,112.6,108.65,109.0,33900,109.0
2016-11-30,109.6,112.4,109.1,111.2,44300,111.2
2016-12-01,111.5,111.9,109.3,109.75,11400,109.75
2016-12-02,108.7,109.5,108.0,108.5,18100,108.5
2016-12-05,109.0,110.0,108.15,109.2,12200,109.2
2016-12-06,109.25,116.45,109.25,113.95,61100,113.95
2016-12-07,114.4,115.5,111.15,111.55,21300,111.55
2016-12-08,112.05,114.9,112.05,112.9,15900,112.9
2016-12-09,113.9,118.9,113.8,116.2,91500,116.2
2016-12-12,116.0,116.95,114.35,115.0,20300,115.0
2016-12-13,114.35,118.1,112.0,113.0,72300,113.0
2016-12-14,113.25,114.65,111.5,111.8,21300,111.8
2016-12-15,111.0,117.4,110.95,116.5,57600,116.5
2016-12-16,117.0,118.55,114.0,115.0,41900,115.0
2016-12-19,115.95,117.55,115.0,115.5,24400,115.5
2016-12-20,116.2,117.1,112.3,112.9,25000,112.9
2016-12-21,113.95,114.0,111.0,111.55,26000,111.55
2016-12-22,112.0,113.0,109.1,109.8,20200,109.8
2016-12-23,109.6,112.8,109.6,110.4,33700,110.4
2016-12-26,111.0,111.2,107.55,108.7,32900,108.7
2016-12-27,109.8,109.8,107.8,108.6,17000,108.6
2016-12-28,109.2,110.85,108.0,108.25,33200,108.25
2016-12-29,109.25,110.35,109.0,109.45,9500,109.45
2016-12-30,110.0,110.8,109.0,109.45,32200,109.45
2017-01-02,110.4,110.75,109.3,110.1,19100,110.1
2017-01-03,111.1,114.0,110.8,112.8,45400,112.8
2017-01-04,113.9,114.9,112.3,113.2,25400,113.2
2017-01-05,114.3,114.6,113.4,114.15,28800,114.15
2017-01-06,114.0,115.85,113.25,113.6,21500,113.6
2017-01-09,113.05,119.05,113.0,118.3,60400,118.3
2017-01-10,121.4,124.7,120.35,121.9,210900,121.9
2017-01-11,123.0,123.0,120.35,120.95,46400,120.95
2017-01-12,121.0,122.35,118.7,119.15,30100,119.15
2017-01-13,119.15,120.0,117.25,117.55,26000,117.55
2017-01-16,117.1,118.7,116.55,117.0,11300,117.0
2017-01-17,118.4,118.45,115.7,115.95,23100,115.95
2017-01-18,116.85,117.95,115.6,116.7,31700,116.7
2017-01-19,117.0,119.0,117.0,118.0,38200,118.0
2017-01-20,117.5,123.35,116.85,122.2,177000,122.2
2017-01-23,122.5,124.5,122.5,123.35,96300,123.35
2017-01-24,123.35,126.0,123.0,124.75,111400,124.75
2017-01-25,125.6,126.0,123.6,124.05,65500,124.05
2017-01-26,124.05,124.05,124.05,124.05,0,124.05
2017-01-27,124.0,125.7,123.15,123.7,54000,123.7
2017-01-30,124.1,125.8,117.05,118.15,122500,118.15
2017-01-31,118.35,119.85,117.0,118.15,56200,118.15
2017-02-01,119.55,120.75,117.75,118.2,44000,118.2
2017-02-02,118.15,119.1,113.5,114.05,58800,114.05
2017-02-03,114.05,117.55,114.05,115.65,84800,115.65
2017-02-06,116.95,117.5,115.5,116.45,70600,116.45
2017-02-07,116.5,116.5,114.6,114.95,26700,114.95
2017-02-08,113.1,115.95,113.1,115.0,31200,115.0
2017-02-09,116.05,116.1,111.1,112.25,56400,112.25
2017-02-10,112.25,113.35,111.4,112.4,39900,112.4
2017-02-13,113.0,113.0,112.0,112.4,19000,112.4
2017-02-14,112.8,113.3,111.85,112.35,20900,112.35
2017-02-15,113.0,113.7,110.0,110.3,28700,110.3
2017-02-16,111.0,113.5,110.55,113.05,31300,113.05
2017-02-17,113.0,113.9,111.7,112.5,15400,112.5
